clip_id,split,language,label,score_fake,source,compression_status
hi-fake-001e561f224bb2cc,train,hi,1,0.957654,indicsynth,clean
hi-fake-00224136579fee6b,train,hi,1,0.980115,indicsynth,clean
hi-fake-006438b215ac423d,train,hi,1,0.851591,indicsynth,clean
hi-fake-022e2bec0246e75a,test,hi,1,0.902762,indicsynth,clean
hi-fake-022e2bec0246e75a-opus16,test,hi,1,0.931517,indicsynth,opus_whatsapp_sim
hi-fake-032fdfc39f4279cf,train,hi,1,0.938853,indicsynth,clean
hi-fake-03b68570644e9dd0,train,hi,1,0.921489,indicsynth,clean
hi-fake-03ff78baddc831b3,test,hi,1,0.895168,indicsynth,clean
hi-fake-03ff78baddc831b3-opus16,test,hi,1,0.881166,indicsynth,opus_whatsapp_sim
hi-fake-0569a86cd103459e,test,hi,1,0.987825,indicsynth,clean
hi-fake-0569a86cd103459e-opus16,test,hi,1,0.989696,indicsynth,opus_whatsapp_sim
hi-fake-07b382d76edad837,train,hi,1,0.841526,indicsynth,clean
hi-fake-089d1d5acf14b1fb,train,hi,1,0.944313,indicsynth,clean
hi-fake-0905d81843c4e4c1,train,hi,1,0.922756,indicsynth,clean
hi-fake-0935c38218a353ec,train,hi,1,0.919481,indicsynth,clean
hi-fake-099ffba15f3b4f6a,train,hi,1,0.959057,indicsynth,clean
hi-fake-0c865693f736d101,test,hi,1,0.989186,indicsynth,clean
hi-fake-0c865693f736d101-opus16,test,hi,1,0.98943,indicsynth,opus_whatsapp_sim
hi-fake-0cea713581877129,train,hi,1,0.982675,indicsynth,clean
hi-fake-0eab4d1ee350344c,train,hi,1,0.883774,indicsynth,clean
hi-fake-100f33a72082fbc6,train,hi,1,0.66975,indicsynth,clean
hi-fake-111e00d0080be12b,train,hi,1,0.950815,indicsynth,clean
hi-fake-11b0ff77c995984c,train,hi,1,0.958154,indicsynth,clean
hi-fake-120daa1f187f3b8c,train,hi,1,0.882223,indicsynth,clean
hi-fake-121779e863736c86,train,hi,1,0.911719,indicsynth,clean
hi-fake-126c4275f83d8ae1,train,hi,1,0.920164,indicsynth,clean
hi-fake-13050ef925f3be76,train,hi,1,0.866412,indicsynth,clean
hi-fake-14e68caa25081ff9,test,hi,1,0.897238,indicsynth,clean
hi-fake-14e68caa25081ff9-opus16,test,hi,1,0.926956,indicsynth,opus_whatsapp_sim
hi-fake-15bdcbad92dc9961,train,hi,1,0.725206,indicsynth,clean
hi-fake-15e669eb20792d28,train,hi,1,0.92127,indicsynth,clean
hi-fake-16c444a7bc1facaf,train,hi,1,0.863101,indicsynth,clean
hi-fake-16f28b2c93f5e62f,train,hi,1,0.800469,indicsynth,clean
hi-fake-175020f2908ed8b5,train,hi,1,0.874162,indicsynth,clean
hi-fake-17ac68b0e6997a32,train,hi,1,0.966042,indicsynth,clean
hi-fake-18ff9f50701e606a,train,hi,1,0.622997,indicsynth,clean
hi-fake-1b19187399eaae58,train,hi,1,0.480019,indicsynth,clean
hi-fake-1bceb2d41b747aa5,train,hi,1,0.891071,indicsynth,clean
hi-fake-1cb83705ab9ca7f3,train,hi,1,0.698432,indicsynth,clean
hi-fake-1d4437d76c889aba,test,hi,1,0.939051,indicsynth,clean
hi-fake-1d4437d76c889aba-opus16,test,hi,1,0.912173,indicsynth,opus_whatsapp_sim
hi-fake-1d6a7914031ce5a1,train,hi,1,0.933585,indicsynth,clean
hi-fake-1e4950e7f2d867bf,train,hi,1,0.743082,indicsynth,clean
hi-fake-201d9f25fe293667,train,hi,1,0.797169,indicsynth,clean
hi-fake-2156c2a518e4a81b,train,hi,1,0.865202,indicsynth,clean
hi-fake-22b8e526a5050d77,test,hi,1,0.90798,indicsynth,clean
hi-fake-22b8e526a5050d77-opus16,test,hi,1,0.777751,indicsynth,opus_whatsapp_sim
hi-fake-230c1264152a1c22,train,hi,1,0.813659,indicsynth,clean
hi-fake-2385650a8a25b8b5,train,hi,1,0.989782,indicsynth,clean
hi-fake-23dde670e325090a,train,hi,1,0.47073,indicsynth,clean
hi-fake-25692683bc0f6ae5,train,hi,1,0.952081,indicsynth,clean
hi-fake-262872e6c97dc528,train,hi,1,0.942641,indicsynth,clean
hi-fake-26bbd83912ceb788,test,hi,1,0.806796,indicsynth,clean
hi-fake-26bbd83912ceb788-opus16,test,hi,1,0.678981,indicsynth,opus_whatsapp_sim
hi-fake-2710dee28900583a,test,hi,1,0.990604,indicsynth,clean
hi-fake-2710dee28900583a-opus16,test,hi,1,0.99347,indicsynth,opus_whatsapp_sim
hi-fake-28c21e8c41cc78da,train,hi,1,0.702712,indicsynth,clean
hi-fake-29a8861bb8876557,test,hi,1,0.983448,indicsynth,clean
hi-fake-29a8861bb8876557-opus16,test,hi,1,0.983941,indicsynth,opus_whatsapp_sim
hi-fake-29eb4b135ea2e8b4,train,hi,1,0.784478,indicsynth,clean
hi-fake-2beff4a7fc62ce0c,train,hi,1,0.928139,indicsynth,clean
hi-fake-2c06a835bfc0d29b,train,hi,1,0.892045,indicsynth,clean
hi-fake-2c4c21ef5a8b49ec,train,hi,1,0.941899,indicsynth,clean
hi-fake-2c8c2ea5f6813c5e,train,hi,1,0.879481,indicsynth,clean
hi-fake-2d38cf65582247b7,train,hi,1,0.888482,indicsynth,clean
hi-fake-2d9e4c66d71fd85c,train,hi,1,0.920026,indicsynth,clean
hi-fake-2dc627cdcc822814,train,hi,1,0.870219,indicsynth,clean
hi-fake-2e2ebcfedbd54cf9,train,hi,1,0.987499,indicsynth,clean
hi-fake-2e88593ba09dfc82,train,hi,1,0.983067,indicsynth,clean
hi-fake-2f92c84038c907e9,val,hi,1,0.93936,indicsynth,clean
hi-fake-2f92c84038c907e9-opus16,val,hi,1,0.932373,indicsynth,opus_whatsapp_sim
hi-fake-2fb6d34b3e393d29,train,hi,1,0.810948,indicsynth,clean
hi-fake-2fe54b1b0ecefe3b,train,hi,1,0.875691,indicsynth,clean
hi-fake-31d6f942ddb1ad20,train,hi,1,0.881722,indicsynth,clean
hi-fake-32836a908069831d,train,hi,1,0.847315,indicsynth,clean
hi-fake-34e2c344bf0f0cac,train,hi,1,0.744816,indicsynth,clean
hi-fake-35e113da1999ab48,train,hi,1,0.936206,indicsynth,clean
hi-fake-363ad8e6e2721052,train,hi,1,0.914159,indicsynth,clean
hi-fake-36a8460121822ec6,test,hi,1,0.972595,indicsynth,clean
hi-fake-36a8460121822ec6-opus16,test,hi,1,0.97976,indicsynth,opus_whatsapp_sim
hi-fake-36a9e37a77ad9a8b,test,hi,1,0.891245,indicsynth,clean
hi-fake-36a9e37a77ad9a8b-opus16,test,hi,1,0.887426,indicsynth,opus_whatsapp_sim
hi-fake-37e154cdac96cfad,train,hi,1,0.877852,indicsynth,clean
hi-fake-382ac28af023bd57,train,hi,1,0.975239,indicsynth,clean
hi-fake-3a9dc1d95474aa44,test,hi,1,0.961232,indicsynth,clean
hi-fake-3a9dc1d95474aa44-opus16,test,hi,1,0.970738,indicsynth,opus_whatsapp_sim
hi-fake-3aca54ab99deced4,test,hi,1,0.952499,indicsynth,clean
hi-fake-3aca54ab99deced4-opus16,test,hi,1,0.943263,indicsynth,opus_whatsapp_sim
hi-fake-3b7512574f2f5cea,train,hi,1,0.87704,indicsynth,clean
hi-fake-3b9189f9b866c76b,train,hi,1,0.908125,indicsynth,clean
hi-fake-3bf0d04f9cdd72ce,train,hi,1,0.974187,indicsynth,clean
hi-fake-3c0aa250ed4fb55e,train,hi,1,0.840847,indicsynth,clean
hi-fake-3c86747b2126ecb0,train,hi,1,0.685071,indicsynth,clean
hi-fake-3dcf3e13de5892f6,val,hi,1,0.777169,indicsynth,clean
hi-fake-3dcf3e13de5892f6-opus16,val,hi,1,0.841647,indicsynth,opus_whatsapp_sim
hi-fake-3e9fa27e395daec8,train,hi,1,0.897275,indicsynth,clean
hi-fake-3eab80f4e3aa9d58,train,hi,1,0.929344,indicsynth,clean
hi-fake-3fc0f9b70ca9f80b,train,hi,1,0.984432,indicsynth,clean
hi-fake-410e7ce69dd3c5e8,test,hi,1,0.701213,indicsynth,clean
hi-fake-410e7ce69dd3c5e8-opus16,test,hi,1,0.364077,indicsynth,opus_whatsapp_sim
hi-fake-4195c4431430e055,train,hi,1,0.806482,indicsynth,clean
hi-fake-4340d428c2c19f9a,train,hi,1,0.83237,indicsynth,clean
hi-fake-44e48f79975539be,train,hi,1,0.978729,indicsynth,clean
hi-fake-4519bf6acf5cc4df,train,hi,1,0.303264,indicsynth,clean
hi-fake-46dbaacfb139204a,train,hi,1,0.947398,indicsynth,clean
hi-fake-480ea95bce6ead8c,test,hi,1,0.968459,indicsynth,clean
hi-fake-480ea95bce6ead8c-opus16,test,hi,1,0.969842,indicsynth,opus_whatsapp_sim
hi-fake-4868d346663b6a34,train,hi,1,0.922703,indicsynth,clean
hi-fake-4891ef214ed1d3ca,test,hi,1,0.919045,indicsynth,clean
hi-fake-4891ef214ed1d3ca-opus16,test,hi,1,0.906269,indicsynth,opus_whatsapp_sim
hi-fake-48d6baf53fc8b414,train,hi,1,0.908357,indicsynth,clean
hi-fake-493d4afc9c658c31,train,hi,1,0.902086,indicsynth,clean
hi-fake-49e6cafff7e9219c,train,hi,1,0.958808,indicsynth,clean
hi-fake-4aa3d4a87be056aa,train,hi,1,0.911055,indicsynth,clean
hi-fake-4ac8a464e4fdbc3b,test,hi,1,0.913123,indicsynth,clean
hi-fake-4ac8a464e4fdbc3b-opus16,test,hi,1,0.892515,indicsynth,opus_whatsapp_sim
hi-fake-4b1fc102334d1770,test,hi,1,0.920527,indicsynth,clean
hi-fake-4b1fc102334d1770-opus16,test,hi,1,0.913395,indicsynth,opus_whatsapp_sim
hi-fake-4c2a0f8a81e772ce,test,hi,1,0.938525,indicsynth,clean
hi-fake-4c2a0f8a81e772ce-opus16,test,hi,1,0.930125,indicsynth,opus_whatsapp_sim
hi-fake-4c2f6697b58105a4,train,hi,1,0.980466,indicsynth,clean
hi-fake-4c9124203f5c6c0a,train,hi,1,0.915343,indicsynth,clean
hi-fake-4cdc655134ea7c4c,train,hi,1,0.867982,indicsynth,clean
hi-fake-4d726a053a0b0553,test,hi,1,0.922035,indicsynth,clean
hi-fake-4d726a053a0b0553-opus16,test,hi,1,0.905761,indicsynth,opus_whatsapp_sim
hi-fake-4eeb1737b6f36792,test,hi,1,0.974875,indicsynth,clean
hi-fake-4eeb1737b6f36792-opus16,test,hi,1,0.97265,indicsynth,opus_whatsapp_sim
hi-fake-50038e24e973cd23,train,hi,1,0.979907,indicsynth,clean
hi-fake-50882ab5edc3f93c,val,hi,1,0.96449,indicsynth,clean
hi-fake-50882ab5edc3f93c-opus16,val,hi,1,0.926778,indicsynth,opus_whatsapp_sim
hi-fake-529447e7354d2013,train,hi,1,0.975944,indicsynth,clean
hi-fake-539fa97bedb948bf,train,hi,1,0.866979,indicsynth,clean
hi-fake-53b237155e4905f9,train,hi,1,0.841407,indicsynth,clean
hi-fake-542b684da03c573b,train,hi,1,0.943309,indicsynth,clean
hi-fake-549fb741a8f50f6b,test,hi,1,0.925871,indicsynth,clean
hi-fake-549fb741a8f50f6b-opus16,test,hi,1,0.915693,indicsynth,opus_whatsapp_sim
hi-fake-58702ec2a565277e,train,hi,1,0.911323,indicsynth,clean
hi-fake-593caf8b34d2c608,train,hi,1,0.872851,indicsynth,clean
hi-fake-595807c0426acfcc,train,hi,1,0.923501,indicsynth,clean
hi-fake-5a031aa42d441a75,train,hi,1,0.888797,indicsynth,clean
hi-fake-5abbb9afe05d0309,train,hi,1,0.822878,indicsynth,clean
hi-fake-5bdfe526f780c2ac,train,hi,1,0.805544,indicsynth,clean
hi-fake-5c1856bf19d2e56c,train,hi,1,0.87999,indicsynth,clean
hi-fake-5daf71a3a6acf5ab,train,hi,1,0.936408,indicsynth,clean
hi-fake-6047e8229a7674c4,train,hi,1,0.907417,indicsynth,clean
hi-fake-62a69a7e43e5e0c0,train,hi,1,0.920504,indicsynth,clean
hi-fake-638257e9b039960a,train,hi,1,0.945901,indicsynth,clean
hi-fake-63b9be4706444575,train,hi,1,0.830573,indicsynth,clean
hi-fake-645ae3991f41f1f9,train,hi,1,0.873437,indicsynth,clean
hi-fake-64f9bf63087ba7b0,train,hi,1,0.6598,indicsynth,clean
hi-fake-65e0b2da6cf6f1e9,train,hi,1,0.828931,indicsynth,clean
hi-fake-6616dea2ab44ea15,train,hi,1,0.717919,indicsynth,clean
hi-fake-661833d87fe68521,train,hi,1,0.904908,indicsynth,clean
hi-fake-668ca7ce5764e859,test,hi,1,0.855325,indicsynth,clean
hi-fake-668ca7ce5764e859-opus16,test,hi,1,0.864673,indicsynth,opus_whatsapp_sim
hi-fake-6778ca727c4f84a3,train,hi,1,0.955311,indicsynth,clean
hi-fake-6798ae5fe127d413,test,hi,1,0.980677,indicsynth,clean
hi-fake-6798ae5fe127d413-opus16,test,hi,1,0.982586,indicsynth,opus_whatsapp_sim
hi-fake-69002ccedf1f2130,train,hi,1,0.851736,indicsynth,clean
hi-fake-6ae8257e7bfdbda4,val,hi,1,0.979345,indicsynth,clean
hi-fake-6ae8257e7bfdbda4-opus16,val,hi,1,0.924883,indicsynth,opus_whatsapp_sim
hi-fake-6b9eb1c5c4165d5c,train,hi,1,0.854959,indicsynth,clean
hi-fake-6bbece125b6bd140,train,hi,1,0.810436,indicsynth,clean
hi-fake-6bf02653d7080916,train,hi,1,0.954834,indicsynth,clean
hi-fake-6c540fca11ca6d5f,train,hi,1,0.926714,indicsynth,clean
hi-fake-6c8076da78993f37,train,hi,1,0.970429,indicsynth,clean
hi-fake-6cf31671a6ff9795,train,hi,1,0.886042,indicsynth,clean
hi-fake-6d742f0f6dd6c4f5,train,hi,1,0.955488,indicsynth,clean
hi-fake-6da8b132dada7732,val,hi,1,0.946626,indicsynth,clean
hi-fake-6da8b132dada7732-opus16,val,hi,1,0.934628,indicsynth,opus_whatsapp_sim
hi-fake-6e8d045976dd45d4,train,hi,1,0.934785,indicsynth,clean
hi-fake-6eee1201f97ec047,train,hi,1,0.282048,indicsynth,clean
hi-fake-6fec87ece0798523,train,hi,1,0.973945,indicsynth,clean
hi-fake-710f65c87924f77e,test,hi,1,0.918948,indicsynth,clean
hi-fake-710f65c87924f77e-opus16,test,hi,1,0.894241,indicsynth,opus_whatsapp_sim
hi-fake-723e30c2a0e9e864,train,hi,1,0.849093,indicsynth,clean
hi-fake-72e70e14a6e37ac9,train,hi,1,0.90718,indicsynth,clean
hi-fake-73fbf99709e0eeb5,test,hi,1,0.884499,indicsynth,clean
hi-fake-73fbf99709e0eeb5-opus16,test,hi,1,0.968055,indicsynth,opus_whatsapp_sim
hi-fake-743565bad26ca760,test,hi,1,0.932943,indicsynth,clean
hi-fake-743565bad26ca760-opus16,test,hi,1,0.911989,indicsynth,opus_whatsapp_sim
hi-fake-75894ab7f98660e5,train,hi,1,0.976591,indicsynth,clean
hi-fake-7733cbc980777927,test,hi,1,0.903142,indicsynth,clean
hi-fake-7733cbc980777927-opus16,test,hi,1,0.888075,indicsynth,opus_whatsapp_sim
hi-fake-775191cd2181d7bc,train,hi,1,0.868319,indicsynth,clean
hi-fake-779e5f35208ff9d2,train,hi,1,0.952061,indicsynth,clean
hi-fake-78749decf9045794,test,hi,1,0.851982,indicsynth,clean
hi-fake-78749decf9045794-opus16,test,hi,1,0.847075,indicsynth,opus_whatsapp_sim
hi-fake-799c57835879a483,train,hi,1,0.426536,indicsynth,clean
hi-fake-7b404e8c78ae48ad,train,hi,1,0.980003,indicsynth,clean
hi-fake-7ca565dac1f82e47,train,hi,1,0.981985,indicsynth,clean
hi-fake-7d71428f0d6cccfb,train,hi,1,0.952172,indicsynth,clean
hi-fake-7e148e2c84c5bd35,train,hi,1,0.977548,indicsynth,clean
hi-fake-7e75c6b5090f6605,train,hi,1,0.982618,indicsynth,clean
hi-fake-7f2900cd7c140da2,train,hi,1,0.818756,indicsynth,clean
hi-fake-803e607a8075394b,train,hi,1,0.829686,indicsynth,clean
hi-fake-80f7e36c5dc1c8e1,train,hi,1,0.723648,indicsynth,clean
hi-fake-81c926587923b4e3,train,hi,1,0.907824,indicsynth,clean
hi-fake-859edcf72eb37f49,train,hi,1,0.880564,indicsynth,clean
hi-fake-860b58838cbfe9d8,train,hi,1,0.958066,indicsynth,clean
hi-fake-871553980aff1f2b,test,hi,1,0.782494,indicsynth,clean
hi-fake-871553980aff1f2b-opus16,test,hi,1,0.81879,indicsynth,opus_whatsapp_sim
hi-fake-87322af97576fcc9,train,hi,1,0.850793,indicsynth,clean
hi-fake-885daecde9ccb5dc,train,hi,1,0.87999,indicsynth,clean
hi-fake-885f354593250184,train,hi,1,0.928689,indicsynth,clean
hi-fake-892141a6d74a88b7,train,hi,1,0.924835,indicsynth,clean
hi-fake-8aa7c34181055e09,train,hi,1,0.910835,indicsynth,clean
hi-fake-8e13e5ba61d98d20,train,hi,1,0.614619,indicsynth,clean
hi-fake-8e1edb800d35153b,train,hi,1,0.945149,indicsynth,clean
hi-fake-8e9f76ec3d62c8a8,train,hi,1,0.876147,indicsynth,clean
hi-fake-90e228c25162c72b,train,hi,1,0.910562,indicsynth,clean
hi-fake-90fb3a0251681762,test,hi,1,0.990926,indicsynth,clean
hi-fake-90fb3a0251681762-opus16,test,hi,1,0.991457,indicsynth,opus_whatsapp_sim
hi-fake-91d279de9e2bd0b3,train,hi,1,0.874543,indicsynth,clean
hi-fake-933ba74f04285f82,train,hi,1,0.721337,indicsynth,clean
hi-fake-936804e6f141f698,train,hi,1,0.925966,indicsynth,clean
hi-fake-94cb0fe8dc6745ca,train,hi,1,0.652007,indicsynth,clean
hi-fake-953980cbd97dd621,train,hi,1,0.975439,indicsynth,clean
hi-fake-9553a84d6717d538,test,hi,1,0.922983,indicsynth,clean
hi-fake-9553a84d6717d538-opus16,test,hi,1,0.966215,indicsynth,opus_whatsapp_sim
hi-fake-95ff204d4cc00819,train,hi,1,0.972928,indicsynth,clean
hi-fake-9883425ee7c2c7ea,test,hi,1,0.899384,indicsynth,clean
hi-fake-9883425ee7c2c7ea-opus16,test,hi,1,0.894602,indicsynth,opus_whatsapp_sim
hi-fake-98986c280e4bc42d,train,hi,1,0.847687,indicsynth,clean
hi-fake-98c22475494c2c6a,train,hi,1,0.86751,indicsynth,clean
hi-fake-9983991662501ff5,train,hi,1,0.834729,indicsynth,clean
hi-fake-9ab50822ad174b24,train,hi,1,0.938727,indicsynth,clean
hi-fake-9ddcd44cbc5dd699,train,hi,1,0.435406,indicsynth,clean
hi-fake-9dea7c8e39917dca,train,hi,1,0.966928,indicsynth,clean
hi-fake-9e9da9ac74423467,train,hi,1,0.927454,indicsynth,clean
hi-fake-a05e49fa34afe234,train,hi,1,0.773392,indicsynth,clean
hi-fake-a13b47635d264be3,train,hi,1,0.916654,indicsynth,clean
hi-fake-a20bbf8e23705c09,train,hi,1,0.968957,indicsynth,clean
hi-fake-a23fabbbf5689439,train,hi,1,0.902567,indicsynth,clean
hi-fake-a2496ea93e7ef546,train,hi,1,0.95482,indicsynth,clean
hi-fake-a4c0340b8e09d3f9,train,hi,1,0.947461,indicsynth,clean
hi-fake-a54159fe805fb665,train,hi,1,0.971797,indicsynth,clean
hi-fake-a54d1f3c4ed0b992,train,hi,1,0.952165,indicsynth,clean
hi-fake-a59ae6ef85829036,train,hi,1,0.923891,indicsynth,clean
hi-fake-a65b2b171e7f1a28,val,hi,1,0.980672,indicsynth,clean
hi-fake-a65b2b171e7f1a28-opus16,val,hi,1,0.977746,indicsynth,opus_whatsapp_sim
hi-fake-a734f8a033f657d8,train,hi,1,0.824705,indicsynth,clean
hi-fake-a7bcec097a4b0300,train,hi,1,0.957107,indicsynth,clean
hi-fake-a7da478c085db698,train,hi,1,0.947794,indicsynth,clean
hi-fake-a83e6961309af7f7,train,hi,1,0.970334,indicsynth,clean
hi-fake-a91aae83c850ecbe,train,hi,1,0.920807,indicsynth,clean
hi-fake-a993ef0df43e0349,train,hi,1,0.955995,indicsynth,clean
hi-fake-ab6caff4a9cdec74,train,hi,1,0.737734,indicsynth,clean
hi-fake-ad9d34922ff10ace,train,hi,1,0.932235,indicsynth,clean
hi-fake-adb45a252f8575fd,train,hi,1,0.753837,indicsynth,clean
hi-fake-b02ad25b8e6941a1,train,hi,1,0.848778,indicsynth,clean
hi-fake-b1fb1a059b45d541,train,hi,1,0.769658,indicsynth,clean
hi-fake-b4368d8f8885dc63,train,hi,1,0.880015,indicsynth,clean
hi-fake-b57a95f777477bc7,train,hi,1,0.825794,indicsynth,clean
hi-fake-b65bc14fbfc8512f,train,hi,1,0.939252,indicsynth,clean
hi-fake-b66cf0d5514200a6,train,hi,1,0.870066,indicsynth,clean
hi-fake-b82333875ead93bd,train,hi,1,0.881649,indicsynth,clean
hi-fake-b9d9c9375eab66da,train,hi,1,0.967353,indicsynth,clean
hi-fake-ba0fe3485fcb6f40,train,hi,1,0.84758,indicsynth,clean
hi-fake-bb0a5ec4867e203b,train,hi,1,0.826846,indicsynth,clean
hi-fake-bc8c2f20a74aa590,train,hi,1,0.676347,indicsynth,clean
hi-fake-bde372627a3379f6,train,hi,1,0.976958,indicsynth,clean
hi-fake-c110b72edb5dcf33,test,hi,1,0.781716,indicsynth,clean
hi-fake-c110b72edb5dcf33-opus16,test,hi,1,0.773185,indicsynth,opus_whatsapp_sim
hi-fake-c17b0acc7f248733,train,hi,1,0.862506,indicsynth,clean
hi-fake-c2885512ac5ff501,train,hi,1,0.983913,indicsynth,clean
hi-fake-c343f8f0de57624e,train,hi,1,0.886978,indicsynth,clean
hi-fake-c3d0a0f69e43664b,train,hi,1,0.888281,indicsynth,clean
hi-fake-c52457fddeef43cc,train,hi,1,0.767943,indicsynth,clean
hi-fake-c6ce769d100e85b8,train,hi,1,0.876569,indicsynth,clean
hi-fake-c75e4d6a2393395a,val,hi,1,0.96558,indicsynth,clean
hi-fake-c75e4d6a2393395a-opus16,val,hi,1,0.947255,indicsynth,opus_whatsapp_sim
hi-fake-c79f72dffeba0628,train,hi,1,0.704633,indicsynth,clean
hi-fake-c7d6da7b65401710,train,hi,1,0.949091,indicsynth,clean
hi-fake-c8ddce713863875f,test,hi,1,0.961336,indicsynth,clean
hi-fake-c8ddce713863875f-opus16,test,hi,1,0.96824,indicsynth,opus_whatsapp_sim
hi-fake-c96114b4e267537d,train,hi,1,0.664089,indicsynth,clean
hi-fake-c97dd02cdeb143b3,train,hi,1,0.942531,indicsynth,clean
hi-fake-caeee049471027de,train,hi,1,0.972451,indicsynth,clean
hi-fake-cc36f143cfb5d01f,test,hi,1,0.85697,indicsynth,clean
hi-fake-cc36f143cfb5d01f-opus16,test,hi,1,0.838584,indicsynth,opus_whatsapp_sim
hi-fake-ce43775d3462614e,train,hi,1,0.931087,indicsynth,clean
hi-fake-cea7a2a691794ca5,train,hi,1,0.900376,indicsynth,clean
hi-fake-cfef34c41eccaff9,train,hi,1,0.936484,indicsynth,clean
hi-fake-d00f855035a9e165,train,hi,1,0.620046,indicsynth,clean
hi-fake-d08adc556aa8155e,train,hi,1,0.968345,indicsynth,clean
hi-fake-d103279bdd13bd81,train,hi,1,0.77269,indicsynth,clean
hi-fake-d111f510b9f8f33e,val,hi,1,0.926059,indicsynth,clean
hi-fake-d111f510b9f8f33e-opus16,val,hi,1,0.887709,indicsynth,opus_whatsapp_sim
hi-fake-d23cb16c674f15b0,train,hi,1,0.971213,indicsynth,clean
hi-fake-d48108d763ff239d,train,hi,1,0.110784,indicsynth,clean
hi-fake-d66fd9d1c9e40240,train,hi,1,0.905223,indicsynth,clean
hi-fake-d677568a032f8383,train,hi,1,0.967687,indicsynth,clean
hi-fake-d6d9ec0a7486f024,test,hi,1,0.986532,indicsynth,clean
hi-fake-d6d9ec0a7486f024-opus16,test,hi,1,0.98857,indicsynth,opus_whatsapp_sim
hi-fake-d75c3dc7e5459dfe,train,hi,1,0.810227,indicsynth,clean
hi-fake-d9d0c45e51ec42f3,train,hi,1,0.981197,indicsynth,clean
hi-fake-da68dde500d6e5ff,train,hi,1,0.925012,indicsynth,clean
hi-fake-db72a408736fcf70,train,hi,1,0.955939,indicsynth,clean
hi-fake-dc8c1071de211568,train,hi,1,0.935682,indicsynth,clean
hi-fake-dcaa7e1aff749cb2,train,hi,1,0.9227,indicsynth,clean
hi-fake-dd41acc652b6bd1d,train,hi,1,0.907314,indicsynth,clean
hi-fake-dd949d6b90483f3d,train,hi,1,0.919846,indicsynth,clean
hi-fake-de25f70cdad31ed9,train,hi,1,0.772229,indicsynth,clean
hi-fake-de4d68b46e0bf32e,train,hi,1,0.816095,indicsynth,clean
hi-fake-dec02c89ba9b2818,train,hi,1,0.973584,indicsynth,clean
hi-fake-e0087aa17f688222,train,hi,1,0.219321,indicsynth,clean
hi-fake-e08339afb2d4c836,train,hi,1,0.297478,indicsynth,clean
hi-fake-e1057595a5b804d1,test,hi,1,0.934771,indicsynth,clean
hi-fake-e1057595a5b804d1-opus16,test,hi,1,0.908332,indicsynth,opus_whatsapp_sim
hi-fake-e2c063c2822ec6b7,train,hi,1,0.83853,indicsynth,clean
hi-fake-e2db2eb69efc273b,train,hi,1,0.835867,indicsynth,clean
hi-fake-e46cec505f7a2f0d,train,hi,1,0.896916,indicsynth,clean
hi-fake-e4bef3695f2d24a1,train,hi,1,0.853689,indicsynth,clean
hi-fake-e64e7f5fff0cd078,train,hi,1,0.958109,indicsynth,clean
hi-fake-e7bb75bc4033008a,train,hi,1,0.892958,indicsynth,clean
hi-fake-e7c738d3f94f2662,train,hi,1,0.781405,indicsynth,clean
hi-fake-e91590286f861c1b,train,hi,1,0.949247,indicsynth,clean
hi-fake-ec08a6c17237e675,train,hi,1,0.892142,indicsynth,clean
hi-fake-ec36d754498a1083,train,hi,1,0.844028,indicsynth,clean
hi-fake-ec89604786366d51,train,hi,1,0.836647,indicsynth,clean
hi-fake-edae014184500026,train,hi,1,0.912757,indicsynth,clean
hi-fake-ee7f938d4ccf6710,train,hi,1,0.954312,indicsynth,clean
hi-fake-ef4aba6c4412ed31,train,hi,1,0.946697,indicsynth,clean
hi-fake-ef5f4530cde23abd,train,hi,1,0.938709,indicsynth,clean
hi-fake-f02a687f568f7d32,train,hi,1,0.853876,indicsynth,clean
hi-fake-f1bbfdcc61789bd6,train,hi,1,0.792608,indicsynth,clean
hi-fake-f252b5443ca320d6,train,hi,1,0.960851,indicsynth,clean
hi-fake-f339d3451e458b03,train,hi,1,0.900647,indicsynth,clean
hi-fake-f3b1035ed0ed1535,train,hi,1,0.340839,indicsynth,clean
hi-fake-f4801d31d003b299,train,hi,1,0.918303,indicsynth,clean
hi-fake-f4bbc48f58c88a8a,train,hi,1,0.491583,indicsynth,clean
hi-fake-f53eb0c6c2dba644,train,hi,1,0.976688,indicsynth,clean
hi-fake-f73ad3b1eee9936e,train,hi,1,0.922991,indicsynth,clean
hi-fake-f7503fab79a06c49,train,hi,1,0.965418,indicsynth,clean
hi-fake-f85a9815e6eb7794,train,hi,1,0.831203,indicsynth,clean
hi-fake-f9ae3119cbaf5d8f,train,hi,1,0.978744,indicsynth,clean
hi-fake-f9da594f46f5dff9,train,hi,1,0.908519,indicsynth,clean
hi-fake-fa11ae3e3789732f,val,hi,1,0.787484,indicsynth,clean
hi-fake-fa11ae3e3789732f-opus16,val,hi,1,0.815304,indicsynth,opus_whatsapp_sim
hi-fake-fa22d0c0983f129f,train,hi,1,0.957419,indicsynth,clean
hi-fake-fa2572b9e73d6fb6,train,hi,1,0.735467,indicsynth,clean
hi-fake-fadd6de2cd40506d,train,hi,1,0.804989,indicsynth,clean
hi-fake-fb3b1551e9ea336e,train,hi,1,0.934476,indicsynth,clean
hi-fake-fb4f416f3b3a7d3b,train,hi,1,0.929576,indicsynth,clean
hi-fake-fd9d0522872139ed,val,hi,1,0.751884,indicsynth,clean
hi-fake-fd9d0522872139ed-opus16,val,hi,1,0.733276,indicsynth,opus_whatsapp_sim
hi-fake-ff822cff044ead26,test,hi,1,0.887221,indicsynth,clean
hi-fake-ff822cff044ead26-opus16,test,hi,1,0.940903,indicsynth,opus_whatsapp_sim
hi-fake-fffc52fe52e37774,train,hi,1,0.832722,indicsynth,clean
hi-real-003dfa9fff8eedae,train,hi,0,0.006591,kathbath,clean
hi-real-0105f7fa9caf6637,val,hi,0,0.007857,kathbath,clean
hi-real-0105f7fa9caf6637-opus16,val,hi,0,0.243718,kathbath,opus_whatsapp_sim
hi-real-028a380e72b7c60f,test,hi,0,0.006775,kathbath,clean
hi-real-028a380e72b7c60f-opus16,test,hi,0,0.02067,kathbath,opus_whatsapp_sim
hi-real-044571fcc0ef3859,test,hi,0,0.010268,kathbath,clean
hi-real-044571fcc0ef3859-opus16,test,hi,0,0.040191,kathbath,opus_whatsapp_sim
hi-real-05bc595ad1db0539,test,hi,0,0.00418,kathbath,clean
hi-real-05bc595ad1db0539-opus16,test,hi,0,0.095509,kathbath,opus_whatsapp_sim
hi-real-063dc94d4a5a7c90,val,hi,0,0.004133,kathbath,clean
hi-real-063dc94d4a5a7c90-opus16,val,hi,0,0.030535,kathbath,opus_whatsapp_sim
hi-real-06672e8d01608a93,test,hi,0,0.006035,kathbath,clean
hi-real-06672e8d01608a93-opus16,test,hi,0,0.114962,kathbath,opus_whatsapp_sim
hi-real-06731dab07b7c9d2,train,hi,0,0.028782,kathbath,clean
hi-real-06c5fe58ad581747,val,hi,0,0.214273,kathbath,clean
hi-real-06c5fe58ad581747-opus16,val,hi,0,0.458798,kathbath,opus_whatsapp_sim
hi-real-07e2a49d19838537,train,hi,0,0.054151,kathbath,clean
hi-real-09651171554ffeb3,train,hi,0,0.030404,kathbath,clean
hi-real-096cb5cea20aba2b,train,hi,0,0.003027,kathbath,clean
hi-real-09e43545e634d18e,test,hi,0,0.005672,kathbath,clean
hi-real-09e43545e634d18e-opus16,test,hi,0,0.060692,kathbath,opus_whatsapp_sim
hi-real-0a59a5fded14435d,val,hi,0,0.002476,kathbath,clean
hi-real-0a59a5fded14435d-opus16,val,hi,0,0.037088,kathbath,opus_whatsapp_sim
hi-real-0aab89b1671889ab,train,hi,0,0.003299,kathbath,clean
hi-real-0bb2f6f6478b83e9,train,hi,0,0.003713,kathbath,clean
hi-real-0e527559b67377ef,train,hi,0,0.005907,kathbath,clean
hi-real-0ec39aeca923592b,train,hi,0,0.197873,kathbath,clean
hi-real-0ed1b001d3c0063a,train,hi,0,0.052427,kathbath,clean
hi-real-0fd2577e8f5a8e17,train,hi,0,0.00576,kathbath,clean
hi-real-10fe3b12351e97ae,train,hi,0,0.380707,kathbath,clean
hi-real-16b4fa3751f2c34a,train,hi,0,0.004414,kathbath,clean
hi-real-17de6d24c5a08c7b,train,hi,0,0.003279,kathbath,clean
hi-real-180f4d31a2cbde42,train,hi,0,0.003235,kathbath,clean
hi-real-18f74b83a3a50c71,train,hi,0,0.002466,kathbath,clean
hi-real-19ec03d11ce18bf3,test,hi,0,0.081875,kathbath,clean
hi-real-19ec03d11ce18bf3-opus16,test,hi,0,0.105229,kathbath,opus_whatsapp_sim
hi-real-1d44f508cb4dedf9,train,hi,0,0.007521,kathbath,clean
hi-real-1e7d11e7b8abb8f8,train,hi,0,0.004328,kathbath,clean
hi-real-2043b9247f61fd49,train,hi,0,0.001754,kathbath,clean
hi-real-205d401562a4f1f2,val,hi,0,0.204423,kathbath,clean
hi-real-205d401562a4f1f2-opus16,val,hi,0,0.249263,kathbath,opus_whatsapp_sim
hi-real-20786fbbd6c20d66,test,hi,0,0.014056,kathbath,clean
hi-real-20786fbbd6c20d66-opus16,test,hi,0,0.0967,kathbath,opus_whatsapp_sim
hi-real-20a218301b26ec9a,train,hi,0,0.005589,kathbath,clean
hi-real-21b5e25bb0c4950d,test,hi,0,0.005753,kathbath,clean
hi-real-21b5e25bb0c4950d-opus16,test,hi,0,0.070867,kathbath,opus_whatsapp_sim
hi-real-21caaac6d1e06235,test,hi,0,0.011617,kathbath,clean
hi-real-21caaac6d1e06235-opus16,test,hi,0,0.148261,kathbath,opus_whatsapp_sim
hi-real-220550bd038fb783,train,hi,0,0.164589,kathbath,clean
hi-real-22f8bfa272dafaa0,test,hi,0,0.305468,kathbath,clean
hi-real-22f8bfa272dafaa0-opus16,test,hi,0,0.31832,kathbath,opus_whatsapp_sim
hi-real-230c660d1e4bbf72,train,hi,0,0.008455,kathbath,clean
hi-real-239e75d11c5ebe64,train,hi,0,0.016024,kathbath,clean
hi-real-24472785b819fac1,train,hi,0,0.246149,kathbath,clean
hi-real-24b9e3eb8205a478,test,hi,0,0.003072,kathbath,clean
hi-real-24b9e3eb8205a478-opus16,test,hi,0,0.015893,kathbath,opus_whatsapp_sim
hi-real-24f3a2490e60b605,train,hi,0,0.003896,kathbath,clean
hi-real-2535a5ce29db55ee,val,hi,0,0.035719,kathbath,clean
hi-real-2535a5ce29db55ee-opus16,val,hi,0,0.022947,kathbath,opus_whatsapp_sim
hi-real-259de88a51293d51,train,hi,0,0.006038,kathbath,clean
hi-real-2732293f69201e51,train,hi,0,0.129512,kathbath,clean
hi-real-27afabbfdd36f962,train,hi,0,0.005479,kathbath,clean
hi-real-27ee92416ff04326,train,hi,0,0.012437,kathbath,clean
hi-real-2923cccd2f957475,val,hi,0,0.002337,kathbath,clean
hi-real-2923cccd2f957475-opus16,val,hi,0,0.038633,kathbath,opus_whatsapp_sim
hi-real-2a32985c970122ed,train,hi,0,0.00707,kathbath,clean
hi-real-2a6cddd3260e7b86,train,hi,0,0.004097,kathbath,clean
hi-real-2bb443fde3a27756,test,hi,0,0.02364,kathbath,clean
hi-real-2bb443fde3a27756-opus16,test,hi,0,0.096714,kathbath,opus_whatsapp_sim
hi-real-2bf116e02e89e00d,train,hi,0,0.004439,kathbath,clean
hi-real-2cad263cf8f7cf70,test,hi,0,0.888602,kathbath,clean
hi-real-2cad263cf8f7cf70-opus16,test,hi,0,0.905613,kathbath,opus_whatsapp_sim
hi-real-3064b08b70fe4586,train,hi,0,0.004813,kathbath,clean
hi-real-323caa7a3aef6374,train,hi,0,0.01494,kathbath,clean
hi-real-35009b9127d05a3b,test,hi,0,0.7518,kathbath,clean
hi-real-35009b9127d05a3b-opus16,test,hi,0,0.743861,kathbath,opus_whatsapp_sim
hi-real-3630386e210a2bed,train,hi,0,0.001453,kathbath,clean
hi-real-3677e42d4a41ede6,train,hi,0,0.031932,kathbath,clean
hi-real-38828e6d70be4349,train,hi,0,0.031272,kathbath,clean
hi-real-38e94af2ec721134,train,hi,0,0.029275,kathbath,clean
hi-real-38f777d034383d60,train,hi,0,0.435212,kathbath,clean
hi-real-39a3953c1a422d34,test,hi,0,0.005753,kathbath,clean
hi-real-39a3953c1a422d34-opus16,test,hi,0,0.185716,kathbath,opus_whatsapp_sim
hi-real-3aa44e8a4f5a30c3,test,hi,0,0.034615,kathbath,clean
hi-real-3aa44e8a4f5a30c3-opus16,test,hi,0,0.090526,kathbath,opus_whatsapp_sim
hi-real-3e9bb9309bc99b57,train,hi,0,0.004577,kathbath,clean
hi-real-40f81acc98cc5207,val,hi,0,0.064373,kathbath,clean
hi-real-40f81acc98cc5207-opus16,val,hi,0,0.082498,kathbath,opus_whatsapp_sim
hi-real-428aaea2a1d39c19,train,hi,0,0.007939,kathbath,clean
hi-real-4294b0815301c9c6,train,hi,0,0.748041,kathbath,clean
hi-real-42f70989c29a9f70,test,hi,0,0.00663,kathbath,clean
hi-real-42f70989c29a9f70-opus16,test,hi,0,0.14474,kathbath,opus_whatsapp_sim
hi-real-435dacfd0e94f38e,val,hi,0,0.009747,kathbath,clean
hi-real-435dacfd0e94f38e-opus16,val,hi,0,0.147092,kathbath,opus_whatsapp_sim
hi-real-449f7043e24caf72,train,hi,0,0.087895,kathbath,clean
hi-real-4575e0206018238a,train,hi,0,0.010142,kathbath,clean
hi-real-46af771ef1ffd62e,test,hi,0,0.006323,kathbath,clean
hi-real-46af771ef1ffd62e-opus16,test,hi,0,0.127233,kathbath,opus_whatsapp_sim
hi-real-46de15160689cf82,test,hi,0,0.001326,kathbath,clean
hi-real-46de15160689cf82-opus16,test,hi,0,0.013448,kathbath,opus_whatsapp_sim
hi-real-4718e8e06d04f02f,val,hi,0,0.010254,kathbath,clean
hi-real-4718e8e06d04f02f-opus16,val,hi,0,0.134491,kathbath,opus_whatsapp_sim
hi-real-4860b2f61d3bc972,test,hi,0,0.353535,kathbath,clean
hi-real-4860b2f61d3bc972-opus16,test,hi,0,0.33546,kathbath,opus_whatsapp_sim
hi-real-48623412fad58a14,train,hi,0,0.00542,kathbath,clean
hi-real-491a129b2aea4150,test,hi,0,0.001098,kathbath,clean
hi-real-491a129b2aea4150-opus16,test,hi,0,0.014221,kathbath,opus_whatsapp_sim
hi-real-49bf12e3d9b685fc,train,hi,0,0.008016,kathbath,clean
hi-real-4b20adb8ffa62d68,train,hi,0,0.036837,kathbath,clean
hi-real-4b5ad44e4f84cbb8,train,hi,0,0.050715,kathbath,clean
hi-real-4be882cbea82106d,train,hi,0,0.045638,kathbath,clean
hi-real-4cfc6e016aa994bb,train,hi,0,0.041768,kathbath,clean
hi-real-4db8211a477ec163,train,hi,0,0.77521,kathbath,clean
hi-real-4ddad4871932ec4e,train,hi,0,0.001191,kathbath,clean
hi-real-4e0666d15f968fce,train,hi,0,0.001767,kathbath,clean
hi-real-4e1abec7fccf2d56,train,hi,0,0.259713,kathbath,clean
hi-real-4f0e5447072f4376,test,hi,0,0.007364,kathbath,clean
hi-real-4f0e5447072f4376-opus16,test,hi,0,0.030255,kathbath,opus_whatsapp_sim
hi-real-4f6e003bb8217487,test,hi,0,0.007312,kathbath,clean
hi-real-4f6e003bb8217487-opus16,test,hi,0,0.021328,kathbath,opus_whatsapp_sim
hi-real-50a4a5f740e0c9cc,train,hi,0,0.014133,kathbath,clean
hi-real-518fe56f3da40ae0,val,hi,0,0.004271,kathbath,clean
hi-real-518fe56f3da40ae0-opus16,val,hi,0,0.158547,kathbath,opus_whatsapp_sim
hi-real-546b225506b8c033,val,hi,0,0.333345,kathbath,clean
hi-real-546b225506b8c033-opus16,val,hi,0,0.326523,kathbath,opus_whatsapp_sim
hi-real-561a1407afe9b57a,train,hi,0,0.04375,kathbath,clean
hi-real-56e965a571329fc9,test,hi,0,0.006571,kathbath,clean
hi-real-56e965a571329fc9-opus16,test,hi,0,0.228821,kathbath,opus_whatsapp_sim
hi-real-57294089d29c87cd,train,hi,0,0.005863,kathbath,clean
hi-real-584638e083662000,train,hi,0,0.469329,kathbath,clean
hi-real-585d37e1e7ec9ae2,val,hi,0,0.044414,kathbath,clean
hi-real-585d37e1e7ec9ae2-opus16,val,hi,0,0.094399,kathbath,opus_whatsapp_sim
hi-real-5bfdacf324d5e29e,train,hi,0,0.007062,kathbath,clean
hi-real-5c30a923a45facea,train,hi,0,0.006516,kathbath,clean
hi-real-5ce76a0a2a565a5f,train,hi,0,0.005311,kathbath,clean
hi-real-5df0933ef931ae9f,train,hi,0,0.725748,kathbath,clean
hi-real-5edec2fc0b05e7b0,train,hi,0,0.003741,kathbath,clean
hi-real-5ee3c33468b62750,val,hi,0,0.362689,kathbath,clean
hi-real-5ee3c33468b62750-opus16,val,hi,0,0.260257,kathbath,opus_whatsapp_sim
hi-real-5f3002bb55a7acde,train,hi,0,0.006346,kathbath,clean
hi-real-602d0cc2a4560454,train,hi,0,0.005299,kathbath,clean
hi-real-617244b825ef6533,train,hi,0,0.004868,kathbath,clean
hi-real-61c0dc2341ba07f8,test,hi,0,0.764715,kathbath,clean
hi-real-61c0dc2341ba07f8-opus16,test,hi,0,0.759779,kathbath,opus_whatsapp_sim
hi-real-626a2e6740b29015,train,hi,0,0.291508,kathbath,clean
hi-real-651013d749f5339a,train,hi,0,0.743657,kathbath,clean
hi-real-65c9af683e530fb1,val,hi,0,0.107218,kathbath,clean
hi-real-65c9af683e530fb1-opus16,val,hi,0,0.246961,kathbath,opus_whatsapp_sim
hi-real-66234ab0b6cff829,train,hi,0,0.083618,kathbath,clean
hi-real-68427d11ef33d1f8,test,hi,0,0.001221,kathbath,clean
hi-real-68427d11ef33d1f8-opus16,test,hi,0,0.008086,kathbath,opus_whatsapp_sim
hi-real-68b6a66c4cf72deb,train,hi,0,0.005966,kathbath,clean
hi-real-69b72e117f17afbd,val,hi,0,0.612857,kathbath,clean
hi-real-69b72e117f17afbd-opus16,val,hi,0,0.570548,kathbath,opus_whatsapp_sim
hi-real-69bf553c1ee4a9ab,train,hi,0,0.003442,kathbath,clean
hi-real-6aeb16f65c6fbb47,train,hi,0,0.004749,kathbath,clean
hi-real-6af3a7ec20b82060,train,hi,0,0.005414,kathbath,clean
hi-real-6b2f28c2b97673dc,test,hi,0,0.009765,kathbath,clean
hi-real-6b2f28c2b97673dc-opus16,test,hi,0,0.011954,kathbath,opus_whatsapp_sim
hi-real-6bc596921f38ab6e,train,hi,0,0.129614,kathbath,clean
hi-real-6ca2ef6f5606769f,val,hi,0,0.587876,kathbath,clean
hi-real-6ca2ef6f5606769f-opus16,val,hi,0,0.672139,kathbath,opus_whatsapp_sim
hi-real-6d181789fe842c70,train,hi,0,0.001676,kathbath,clean
hi-real-6e99e99343e9fbd9,val,hi,0,0.137908,kathbath,clean
hi-real-6e99e99343e9fbd9-opus16,val,hi,0,0.452308,kathbath,opus_whatsapp_sim
hi-real-72b12816b7ff54dc,test,hi,0,0.003046,kathbath,clean
hi-real-72b12816b7ff54dc-opus16,test,hi,0,0.010748,kathbath,opus_whatsapp_sim
hi-real-73eb76a4701a2384,train,hi,0,0.003682,kathbath,clean
hi-real-747ea48c8c56dc3e,train,hi,0,0.005414,kathbath,clean
hi-real-75fbf948d6041a3b,train,hi,0,0.035213,kathbath,clean
hi-real-7601a2bdda82b929,train,hi,0,0.419209,kathbath,clean
hi-real-762ee42190b8d573,test,hi,0,0.024917,kathbath,clean
hi-real-762ee42190b8d573-opus16,test,hi,0,0.027987,kathbath,opus_whatsapp_sim
hi-real-76b5a3d5d68e1050,train,hi,0,0.128277,kathbath,clean
hi-real-76cf5e37d7083083,test,hi,0,0.031859,kathbath,clean
hi-real-76cf5e37d7083083-opus16,test,hi,0,0.079511,kathbath,opus_whatsapp_sim
hi-real-7828b0b7832b743f,test,hi,0,0.007316,kathbath,clean
hi-real-7828b0b7832b743f-opus16,test,hi,0,0.218136,kathbath,opus_whatsapp_sim
hi-real-7904dd76759bbfef,train,hi,0,0.013298,kathbath,clean
hi-real-793c4dee1a7ed75c,train,hi,0,0.003314,kathbath,clean
hi-real-7985ddf35041228f,train,hi,0,0.004809,kathbath,clean
hi-real-79951874306a6e43,test,hi,0,0.017464,kathbath,clean
hi-real-79951874306a6e43-opus16,test,hi,0,0.06577,kathbath,opus_whatsapp_sim
hi-real-7a24a225e60d1f47,train,hi,0,0.833862,kathbath,clean
hi-real-7a61608305b669d3,val,hi,0,0.004548,kathbath,clean
hi-real-7a61608305b669d3-opus16,val,hi,0,0.032307,kathbath,opus_whatsapp_sim
hi-real-7b849418e4de915d,train,hi,0,0.072689,kathbath,clean
hi-real-7c603380ed9e284f,train,hi,0,0.103833,kathbath,clean
hi-real-7ce23a5f18d08c72,train,hi,0,0.012413,kathbath,clean
hi-real-7d51212e08dc721b,train,hi,0,0.004128,kathbath,clean
hi-real-7d90a243d1eb82be,train,hi,0,0.006083,kathbath,clean
hi-real-7e370017e862fe3e,train,hi,0,0.334821,kathbath,clean
hi-real-7fa9d99ee4289582,test,hi,0,0.050653,kathbath,clean
hi-real-7fa9d99ee4289582-opus16,test,hi,0,0.106396,kathbath,opus_whatsapp_sim
hi-real-822ed79b52bf20f8,train,hi,0,0.01614,kathbath,clean
hi-real-82f5fa8d83c4c316,train,hi,0,0.909311,kathbath,clean
hi-real-83399dbe2366e418,train,hi,0,0.097383,kathbath,clean
hi-real-835cce459fef377c,train,hi,0,0.00186,kathbath,clean
hi-real-839c9ac4e58607cf,train,hi,0,0.855755,kathbath,clean
hi-real-85773a1fb5f307d9,test,hi,0,0.005673,kathbath,clean
hi-real-85773a1fb5f307d9-opus16,test,hi,0,0.084936,kathbath,opus_whatsapp_sim
hi-real-86373adac9b71270,val,hi,0,0.064472,kathbath,clean
hi-real-86373adac9b71270-opus16,val,hi,0,0.121033,kathbath,opus_whatsapp_sim
hi-real-86cc6f28b8fa63be,train,hi,0,0.00535,kathbath,clean
hi-real-86f974a4ebfd8992,train,hi,0,0.004136,kathbath,clean
hi-real-87ad046162697b11,train,hi,0,0.003896,kathbath,clean
hi-real-8829d7cd6ac3b8e1,train,hi,0,0.005277,kathbath,clean
hi-real-898b014828b9db69,train,hi,0,0.012892,kathbath,clean
hi-real-89e2f37208d02568,test,hi,0,0.477489,kathbath,clean
hi-real-89e2f37208d02568-opus16,test,hi,0,0.457255,kathbath,opus_whatsapp_sim
hi-real-89f5b4c65117a727,train,hi,0,0.125139,kathbath,clean
hi-real-8a3d60b080c9f8c2,test,hi,0,0.008444,kathbath,clean
hi-real-8a3d60b080c9f8c2-opus16,test,hi,0,0.283133,kathbath,opus_whatsapp_sim
hi-real-8b998be23ba49bb8,val,hi,0,0.157678,kathbath,clean
hi-real-8b998be23ba49bb8-opus16,val,hi,0,0.271533,kathbath,opus_whatsapp_sim
hi-real-8c39f9f4b5ee762f,train,hi,0,0.002856,kathbath,clean
hi-real-8e4f871cc166cfcf,train,hi,0,0.007579,kathbath,clean
hi-real-910d9419a80a796c,train,hi,0,0.027463,kathbath,clean
hi-real-9175992b92b5eae7,train,hi,0,0.019632,kathbath,clean
hi-real-924518ceb150ddef,test,hi,0,0.025723,kathbath,clean
hi-real-924518ceb150ddef-opus16,test,hi,0,0.090011,kathbath,opus_whatsapp_sim
hi-real-931b317c5f2da3e7,train,hi,0,0.003976,kathbath,clean
hi-real-93f1367e36f9aeb5,train,hi,0,0.004127,kathbath,clean
hi-real-968b3c996b91cac8,train,hi,0,0.002783,kathbath,clean
hi-real-9783fcfe27fc930f,train,hi,0,0.096803,kathbath,clean
hi-real-978e379d5d5e75ed,train,hi,0,0.003163,kathbath,clean
hi-real-9b7f728503a1048e,train,hi,0,0.005468,kathbath,clean
hi-real-9b87ede1298391ac,train,hi,0,0.0019,kathbath,clean
hi-real-9d49745d72609a9c,train,hi,0,0.002716,kathbath,clean
hi-real-9e711c0857519bb9,train,hi,0,0.002313,kathbath,clean
hi-real-a0adffee8307505b,test,hi,0,0.008598,kathbath,clean
hi-real-a0adffee8307505b-opus16,test,hi,0,0.019854,kathbath,opus_whatsapp_sim
hi-real-a2d226c16f982fe9,train,hi,0,0.032732,kathbath,clean
hi-real-a39957f01b22a728,val,hi,0,0.010165,kathbath,clean
hi-real-a39957f01b22a728-opus16,val,hi,0,0.035403,kathbath,opus_whatsapp_sim
hi-real-a3afc91752d9b54b,train,hi,0,0.002036,kathbath,clean
hi-real-a416062a62d64577,train,hi,0,0.779912,kathbath,clean
hi-real-a4835330b54f636d,train,hi,0,0.120622,kathbath,clean
hi-real-a5ab928ffad7995d,train,hi,0,0.003994,kathbath,clean
hi-real-a60d205e387c4e40,train,hi,0,0.898395,kathbath,clean
hi-real-a67832e70d5b6615,train,hi,0,0.008167,kathbath,clean
hi-real-a698fe2642c8a017,val,hi,0,0.930245,kathbath,clean
hi-real-a698fe2642c8a017-opus16,val,hi,0,0.918494,kathbath,opus_whatsapp_sim
hi-real-a70db3d2f9a740fa,train,hi,0,0.019099,kathbath,clean
hi-real-a7b1395798724b88,test,hi,0,0.794892,kathbath,clean
hi-real-a7b1395798724b88-opus16,test,hi,0,0.80566,kathbath,opus_whatsapp_sim
hi-real-a93c5c274c8d2ef0,train,hi,0,0.114673,kathbath,clean
hi-real-aac85be282b76d0a,val,hi,0,0.001767,kathbath,clean
hi-real-aac85be282b76d0a-opus16,val,hi,0,0.070061,kathbath,opus_whatsapp_sim
hi-real-ab0942691c3a4681,val,hi,0,0.319052,kathbath,clean
hi-real-ab0942691c3a4681-opus16,val,hi,0,0.38271,kathbath,opus_whatsapp_sim
hi-real-ab72854fbb37b10f,test,hi,0,0.02461,kathbath,clean
hi-real-ab72854fbb37b10f-opus16,test,hi,0,0.030033,kathbath,opus_whatsapp_sim
hi-real-ab92a35fb632191d,train,hi,0,0.02956,kathbath,clean
hi-real-ad3ac4ee63a9332b,train,hi,0,0.004994,kathbath,clean
hi-real-ad6b144c8dd9995b,train,hi,0,0.003553,kathbath,clean
hi-real-ad8a62ad01d38e33,train,hi,0,0.007644,kathbath,clean
hi-real-b0fb5bdf4207a715,train,hi,0,0.004113,kathbath,clean
hi-real-b122337882e40b1c,val,hi,0,0.073437,kathbath,clean
hi-real-b122337882e40b1c-opus16,val,hi,0,0.028561,kathbath,opus_whatsapp_sim
hi-real-b1ce8e897868700d,test,hi,0,0.00541,kathbath,clean
hi-real-b1ce8e897868700d-opus16,test,hi,0,0.072016,kathbath,opus_whatsapp_sim
hi-real-b24bbef5029afc9e,train,hi,0,0.921386,kathbath,clean
hi-real-b404e0709f603e05,train,hi,0,0.012731,kathbath,clean
hi-real-b51bb8e9736e0d5f,test,hi,0,0.004116,kathbath,clean
hi-real-b51bb8e9736e0d5f-opus16,test,hi,0,0.077644,kathbath,opus_whatsapp_sim
hi-real-b5600ccc7efb575b,train,hi,0,0.024043,kathbath,clean
hi-real-b64973a5d97083ba,test,hi,0,0.29155,kathbath,clean
hi-real-b64973a5d97083ba-opus16,test,hi,0,0.469432,kathbath,opus_whatsapp_sim
hi-real-b723f66c22a5d885,test,hi,0,0.938945,kathbath,clean
hi-real-b723f66c22a5d885-opus16,test,hi,0,0.942103,kathbath,opus_whatsapp_sim
hi-real-b7c135f5133a1cbd,train,hi,0,0.00349,kathbath,clean
hi-real-b870d257681c58cf,train,hi,0,0.712947,kathbath,clean
hi-real-ba091452803c7e63,train,hi,0,0.006348,kathbath,clean
hi-real-ba1934384bb5ff44,train,hi,0,0.001493,kathbath,clean
hi-real-ba334d186dc9c16d,test,hi,0,0.021138,kathbath,clean
hi-real-ba334d186dc9c16d-opus16,test,hi,0,0.093234,kathbath,opus_whatsapp_sim
hi-real-bb6900ea965af8dc,train,hi,0,0.050129,kathbath,clean
hi-real-bb8659b926daedb1,val,hi,0,0.046177,kathbath,clean
hi-real-bb8659b926daedb1-opus16,val,hi,0,0.408651,kathbath,opus_whatsapp_sim
hi-real-bcbbe6171db82505,test,hi,0,0.014217,kathbath,clean
hi-real-bcbbe6171db82505-opus16,test,hi,0,0.053561,kathbath,opus_whatsapp_sim
hi-real-bcd09378ae91c8a2,test,hi,0,0.003435,kathbath,clean
hi-real-bcd09378ae91c8a2-opus16,test,hi,0,0.017358,kathbath,opus_whatsapp_sim
hi-real-bdf5340ceaf9e409,train,hi,0,0.005021,kathbath,clean
hi-real-be2633c94e7a0b5b,test,hi,0,0.057802,kathbath,clean
hi-real-be2633c94e7a0b5b-opus16,test,hi,0,0.078515,kathbath,opus_whatsapp_sim
hi-real-be65f662ea13f35d,train,hi,0,0.093562,kathbath,clean
hi-real-bf28ececa239be07,train,hi,0,0.272438,kathbath,clean
hi-real-bf98f244de449ba6,train,hi,0,0.898625,kathbath,clean
hi-real-c06eaf31a63eab4d,test,hi,0,0.006233,kathbath,clean
hi-real-c06eaf31a63eab4d-opus16,test,hi,0,0.025326,kathbath,opus_whatsapp_sim
hi-real-c1634fc275733cfe,test,hi,0,0.053364,kathbath,clean
hi-real-c1634fc275733cfe-opus16,test,hi,0,0.694556,kathbath,opus_whatsapp_sim
hi-real-c17e980f1972de9c,val,hi,0,0.00619,kathbath,clean
hi-real-c17e980f1972de9c-opus16,val,hi,0,0.078316,kathbath,opus_whatsapp_sim
hi-real-c23f911281add6c8,test,hi,0,0.011121,kathbath,clean
hi-real-c23f911281add6c8-opus16,test,hi,0,0.042539,kathbath,opus_whatsapp_sim
hi-real-c41b9cd28976cb9c,train,hi,0,0.005361,kathbath,clean
hi-real-c47e75c628cb8083,train,hi,0,0.003906,kathbath,clean
hi-real-c4e0d7433d590a9b,val,hi,0,0.20484,kathbath,clean
hi-real-c4e0d7433d590a9b-opus16,val,hi,0,0.355268,kathbath,opus_whatsapp_sim
hi-real-c5098e8cc268d701,test,hi,0,0.003891,kathbath,clean
hi-real-c5098e8cc268d701-opus16,test,hi,0,0.285757,kathbath,opus_whatsapp_sim
hi-real-c51166497d7e4da8,train,hi,0,0.000801,kathbath,clean
hi-real-c5f91a20f0a86e65,train,hi,0,0.004589,kathbath,clean
hi-real-c6b6475a402e375c,test,hi,0,0.016239,kathbath,clean
hi-real-c6b6475a402e375c-opus16,test,hi,0,0.06414,kathbath,opus_whatsapp_sim
hi-real-c6ea83f12709d920,train,hi,0,0.007043,kathbath,clean
hi-real-c79915331ea987b7,train,hi,0,0.034182,kathbath,clean
hi-real-c83fff0a180371b7,val,hi,0,0.003009,kathbath,clean
hi-real-c83fff0a180371b7-opus16,val,hi,0,0.064493,kathbath,opus_whatsapp_sim
hi-real-c89fbf916104484d,train,hi,0,0.10286,kathbath,clean
hi-real-c94a0cdcfda422bd,train,hi,0,0.047072,kathbath,clean
hi-real-c9860bb207b9714f,train,hi,0,0.458303,kathbath,clean
hi-real-c98a3255a7e268ed,test,hi,0,0.005476,kathbath,clean
hi-real-c98a3255a7e268ed-opus16,test,hi,0,0.029083,kathbath,opus_whatsapp_sim
hi-real-ca4f0de6e0ef5cb8,train,hi,0,0.011053,kathbath,clean
hi-real-cc17fa2569452419,train,hi,0,0.01049,kathbath,clean
hi-real-cca7116cfdaa345e,train,hi,0,0.015075,kathbath,clean
hi-real-cce8ff13a742c290,train,hi,0,0.213097,kathbath,clean
hi-real-cd789aaae2d7c708,test,hi,0,0.125102,kathbath,clean
hi-real-cd789aaae2d7c708-opus16,test,hi,0,0.162415,kathbath,opus_whatsapp_sim
hi-real-cdf29fd92661a933,val,hi,0,0.002843,kathbath,clean
hi-real-cdf29fd92661a933-opus16,val,hi,0,0.055296,kathbath,opus_whatsapp_sim
hi-real-cfcdd78f4e2972f8,train,hi,0,0.009248,kathbath,clean
hi-real-d0064d73240ec4e1,train,hi,0,0.005568,kathbath,clean
hi-real-d034bce45ca92611,train,hi,0,0.003467,kathbath,clean
hi-real-d0591d349808b8ee,val,hi,0,0.064875,kathbath,clean
hi-real-d0591d349808b8ee-opus16,val,hi,0,0.091621,kathbath,opus_whatsapp_sim
hi-real-d0dcefef3b0b72cd,train,hi,0,0.687971,kathbath,clean
hi-real-d1c1a9aef151298a,train,hi,0,0.055384,kathbath,clean
hi-real-d3961e908e1a7612,val,hi,0,0.021885,kathbath,clean
hi-real-d3961e908e1a7612-opus16,val,hi,0,0.02706,kathbath,opus_whatsapp_sim
hi-real-d3cd0431ee412e3a,val,hi,0,0.003552,kathbath,clean
hi-real-d3cd0431ee412e3a-opus16,val,hi,0,0.218281,kathbath,opus_whatsapp_sim
hi-real-d4cb4e68aba9a3cf,test,hi,0,0.013792,kathbath,clean
hi-real-d4cb4e68aba9a3cf-opus16,test,hi,0,0.029438,kathbath,opus_whatsapp_sim
hi-real-d5a4f2f20e04fa3f,train,hi,0,0.001485,kathbath,clean
hi-real-d6c42be718c07d19,train,hi,0,0.006791,kathbath,clean
hi-real-d76404b743c37e26,test,hi,0,0.031112,kathbath,clean
hi-real-d76404b743c37e26-opus16,test,hi,0,0.051761,kathbath,opus_whatsapp_sim
hi-real-d80e2b9576cabbeb,train,hi,0,0.791606,kathbath,clean
hi-real-d91978a5b0bd4852,test,hi,0,0.025058,kathbath,clean
hi-real-d91978a5b0bd4852-opus16,test,hi,0,0.025783,kathbath,opus_whatsapp_sim
hi-real-da22f8c1fb9f5964,train,hi,0,0.315496,kathbath,clean
hi-real-da343de5a9efdb29,test,hi,0,0.002106,kathbath,clean
hi-real-da343de5a9efdb29-opus16,test,hi,0,0.01372,kathbath,opus_whatsapp_sim
hi-real-dbc222da7fc92a20,val,hi,0,0.001454,kathbath,clean
hi-real-dbc222da7fc92a20-opus16,val,hi,0,0.009984,kathbath,opus_whatsapp_sim
hi-real-dc1d927e3f9f02cf,test,hi,0,0.010313,kathbath,clean
hi-real-dc1d927e3f9f02cf-opus16,test,hi,0,0.110757,kathbath,opus_whatsapp_sim
hi-real-de9361dc08371dbb,test,hi,0,0.002056,kathbath,clean
hi-real-de9361dc08371dbb-opus16,test,hi,0,0.025759,kathbath,opus_whatsapp_sim
hi-real-dee9c5db09379f23,train,hi,0,0.005162,kathbath,clean
hi-real-df3f4e12fa4f3368,train,hi,0,0.036294,kathbath,clean
hi-real-df6387801b908d79,train,hi,0,0.004463,kathbath,clean
hi-real-dfc76cbef8363bcd,test,hi,0,0.016348,kathbath,clean
hi-real-dfc76cbef8363bcd-opus16,test,hi,0,0.06858,kathbath,opus_whatsapp_sim
hi-real-dfef8492f2e298c8,train,hi,0,0.003579,kathbath,clean
hi-real-e17bedd1ba56f6e0,train,hi,0,0.023996,kathbath,clean
hi-real-e1c0ae8cc2da9ab0,train,hi,0,0.005086,kathbath,clean
hi-real-e21978715a912b7c,val,hi,0,0.264643,kathbath,clean
hi-real-e21978715a912b7c-opus16,val,hi,0,0.457887,kathbath,opus_whatsapp_sim
hi-real-e2351deaeaf7be71,val,hi,0,0.101919,kathbath,clean
hi-real-e2351deaeaf7be71-opus16,val,hi,0,0.130666,kathbath,opus_whatsapp_sim
hi-real-e2504495de9b3798,train,hi,0,0.00582,kathbath,clean
hi-real-e25619c383eec8cd,train,hi,0,0.14372,kathbath,clean
hi-real-e38de25b2d6e9516,train,hi,0,0.007319,kathbath,clean
hi-real-e3babfe503a0be7e,train,hi,0,0.014812,kathbath,clean
hi-real-e3cfd79532aa6752,train,hi,0,0.324742,kathbath,clean
hi-real-e43d5a310299102c,train,hi,0,0.004642,kathbath,clean
hi-real-e6300349b36e6a5e,test,hi,0,0.001507,kathbath,clean
hi-real-e6300349b36e6a5e-opus16,test,hi,0,0.219582,kathbath,opus_whatsapp_sim
hi-real-e63b61c3bc036c82,train,hi,0,0.005033,kathbath,clean
hi-real-e685222edbf0482c,test,hi,0,0.067743,kathbath,clean
hi-real-e685222edbf0482c-opus16,test,hi,0,0.195178,kathbath,opus_whatsapp_sim
hi-real-e6a96f6fa44d1000,train,hi,0,0.00336,kathbath,clean
hi-real-e9493d414e595cf3,train,hi,0,0.005738,kathbath,clean
hi-real-e964ca2cad964bf6,val,hi,0,0.023591,kathbath,clean
hi-real-e964ca2cad964bf6-opus16,val,hi,0,0.279095,kathbath,opus_whatsapp_sim
hi-real-e99295007b1deec7,train,hi,0,0.029027,kathbath,clean
hi-real-e9c0b6a94ef2f8eb,train,hi,0,0.200875,kathbath,clean
hi-real-eafa3a5997ef96c8,train,hi,0,0.236253,kathbath,clean
hi-real-ec183aac367767e6,test,hi,0,0.084299,kathbath,clean
hi-real-ec183aac367767e6-opus16,test,hi,0,0.364536,kathbath,opus_whatsapp_sim
hi-real-ed323271a2fbff62,train,hi,0,0.010229,kathbath,clean
hi-real-edcdf606cb4f12c8,train,hi,0,0.002511,kathbath,clean
hi-real-ef97febbe97f309c,train,hi,0,0.002783,kathbath,clean
hi-real-f33cdce4d8f3e6f6,train,hi,0,0.394467,kathbath,clean
hi-real-f3a07258f70efc80,val,hi,0,0.329865,kathbath,clean
hi-real-f3a07258f70efc80-opus16,val,hi,0,0.397659,kathbath,opus_whatsapp_sim
hi-real-f3cb288213283525,train,hi,0,0.005386,kathbath,clean
hi-real-f64f1579b1b62e61,train,hi,0,0.007458,kathbath,clean
hi-real-f68728ea26d01271,test,hi,0,0.004245,kathbath,clean
hi-real-f68728ea26d01271-opus16,test,hi,0,0.050308,kathbath,opus_whatsapp_sim
hi-real-f74a16f19273d14e,test,hi,0,0.033593,kathbath,clean
hi-real-f74a16f19273d14e-opus16,test,hi,0,0.045009,kathbath,opus_whatsapp_sim
hi-real-f885e03461e12d47,train,hi,0,0.017646,kathbath,clean
hi-real-f8cee5a5d4ceed03,train,hi,0,0.016255,kathbath,clean
hi-real-f9fc8a43a5dbd7e3,test,hi,0,0.003371,kathbath,clean
hi-real-f9fc8a43a5dbd7e3-opus16,test,hi,0,0.040058,kathbath,opus_whatsapp_sim
hi-real-fb34106d1ca2117f,train,hi,0,0.005866,kathbath,clean
hi-real-fb42ed2670a0447d,val,hi,0,0.149846,kathbath,clean
hi-real-fb42ed2670a0447d-opus16,val,hi,0,0.202281,kathbath,opus_whatsapp_sim
hi-real-fcaa3b1c3dd72c25,test,hi,0,0.902601,kathbath,clean
hi-real-fcaa3b1c3dd72c25-opus16,test,hi,0,0.917869,kathbath,opus_whatsapp_sim
hi-real-fe2318732313402f,test,hi,0,0.008348,kathbath,clean
hi-real-fe2318732313402f-opus16,test,hi,0,0.29385,kathbath,opus_whatsapp_sim
hi-real-ffc9319f967a4c3e,test,hi,0,0.021185,kathbath,clean
hi-real-ffc9319f967a4c3e-opus16,test,hi,0,0.052038,kathbath,opus_whatsapp_sim
mr-fake-014bc4154e3c2e6e,val,mr,1,0.898849,indicsynth,clean
mr-fake-014bc4154e3c2e6e-opus16,val,mr,1,0.839461,indicsynth,opus_whatsapp_sim
mr-fake-017aba21d7a0a186,val,mr,1,0.927844,indicsynth,clean
mr-fake-017aba21d7a0a186-opus16,val,mr,1,0.952347,indicsynth,opus_whatsapp_sim
mr-fake-01e5af564288c949,train,mr,1,0.960159,indicsynth,clean
mr-fake-0243bea794161b89,train,mr,1,0.970085,indicsynth,clean
mr-fake-032c640a0983e8c8,train,mr,1,0.960442,indicsynth,clean
mr-fake-046bbd4839dd2926,train,mr,1,0.88395,indicsynth,clean
mr-fake-0586c5b1036a7755,test,mr,1,0.962199,indicsynth,clean
mr-fake-0586c5b1036a7755-opus16,test,mr,1,0.827186,indicsynth,opus_whatsapp_sim
mr-fake-061405804e88c6c6,train,mr,1,0.939734,indicsynth,clean
mr-fake-07d6a88e09be9609,val,mr,1,0.795892,indicsynth,clean
mr-fake-07d6a88e09be9609-opus16,val,mr,1,0.90221,indicsynth,opus_whatsapp_sim
mr-fake-0841fbac0e658b1f,val,mr,1,0.933316,indicsynth,clean
mr-fake-0841fbac0e658b1f-opus16,val,mr,1,0.911942,indicsynth,opus_whatsapp_sim
mr-fake-08a31148c97a3d94,train,mr,1,0.95054,indicsynth,clean
mr-fake-09c5f7d616efad4d,val,mr,1,0.926716,indicsynth,clean
mr-fake-09c5f7d616efad4d-opus16,val,mr,1,0.914334,indicsynth,opus_whatsapp_sim
mr-fake-09c917076b7bf018,val,mr,1,0.941717,indicsynth,clean
mr-fake-09c917076b7bf018-opus16,val,mr,1,0.93628,indicsynth,opus_whatsapp_sim
mr-fake-0a2478b4bbbdc269,train,mr,1,0.882478,indicsynth,clean
mr-fake-0ac717f972d415a1,train,mr,1,0.904762,indicsynth,clean
mr-fake-0c5ccabdb20c20e4,test,mr,1,0.781293,indicsynth,clean
mr-fake-0c5ccabdb20c20e4-opus16,test,mr,1,0.696143,indicsynth,opus_whatsapp_sim
mr-fake-0ccddecbaa678b91,test,mr,1,0.891499,indicsynth,clean
mr-fake-0ccddecbaa678b91-opus16,test,mr,1,0.964563,indicsynth,opus_whatsapp_sim
mr-fake-0eb8d5be861ea2fc,train,mr,1,0.97618,indicsynth,clean
mr-fake-1074a573cf497e60,train,mr,1,0.823894,indicsynth,clean
mr-fake-10fdb2747c8bd7d5,train,mr,1,0.978663,indicsynth,clean
mr-fake-1428fb322a6801a2,test,mr,1,0.889125,indicsynth,clean
mr-fake-1428fb322a6801a2-opus16,test,mr,1,0.866568,indicsynth,opus_whatsapp_sim
mr-fake-14ab5afdf3f707ea,test,mr,1,0.841214,indicsynth,clean
mr-fake-14ab5afdf3f707ea-opus16,test,mr,1,0.383056,indicsynth,opus_whatsapp_sim
mr-fake-14e886771b0c266d,train,mr,1,0.967499,indicsynth,clean
mr-fake-1554f2f626d7ffb7,val,mr,1,0.71464,indicsynth,clean
mr-fake-1554f2f626d7ffb7-opus16,val,mr,1,0.698547,indicsynth,opus_whatsapp_sim
mr-fake-164b453581e4f6bd,val,mr,1,0.916097,indicsynth,clean
mr-fake-164b453581e4f6bd-opus16,val,mr,1,0.899034,indicsynth,opus_whatsapp_sim
mr-fake-16548f44a29d7731,test,mr,1,0.914245,indicsynth,clean
mr-fake-16548f44a29d7731-opus16,test,mr,1,0.859931,indicsynth,opus_whatsapp_sim
mr-fake-17df3d1e1c87f38e,train,mr,1,0.888723,indicsynth,clean
mr-fake-1877bd3029070f4e,val,mr,1,0.924691,indicsynth,clean
mr-fake-1877bd3029070f4e-opus16,val,mr,1,0.867991,indicsynth,opus_whatsapp_sim
mr-fake-19539cf1e3c2b100,train,mr,1,0.930415,indicsynth,clean
mr-fake-1972cf0ac99dd049,val,mr,1,0.955478,indicsynth,clean
mr-fake-1972cf0ac99dd049-opus16,val,mr,1,0.89353,indicsynth,opus_whatsapp_sim
mr-fake-1a24b2f5ae829f0a,train,mr,1,0.750046,indicsynth,clean
mr-fake-1acf2ac3611959d8,val,mr,1,0.914794,indicsynth,clean
mr-fake-1acf2ac3611959d8-opus16,val,mr,1,0.891196,indicsynth,opus_whatsapp_sim
mr-fake-1b1c0b4ad76c5cb9,val,mr,1,0.862048,indicsynth,clean
mr-fake-1b1c0b4ad76c5cb9-opus16,val,mr,1,0.978212,indicsynth,opus_whatsapp_sim
mr-fake-1b443b4474c3fe01,train,mr,1,0.968403,indicsynth,clean
mr-fake-1c0b47ef801997ff,train,mr,1,0.767595,indicsynth,clean
mr-fake-1c1353eb634a8d15,val,mr,1,0.923393,indicsynth,clean
mr-fake-1c1353eb634a8d15-opus16,val,mr,1,0.850437,indicsynth,opus_whatsapp_sim
mr-fake-1d1502229e10043a,train,mr,1,0.865273,indicsynth,clean
mr-fake-1de26d69258b017e,train,mr,1,0.958795,indicsynth,clean
mr-fake-1e2b39440e215033,train,mr,1,0.869075,indicsynth,clean
mr-fake-1e84065150c42c0b,test,mr,1,0.894819,indicsynth,clean
mr-fake-1e84065150c42c0b-opus16,test,mr,1,0.927872,indicsynth,opus_whatsapp_sim
mr-fake-1fd47fb1a6a5df01,test,mr,1,0.952454,indicsynth,clean
mr-fake-1fd47fb1a6a5df01-opus16,test,mr,1,0.935461,indicsynth,opus_whatsapp_sim
mr-fake-210cb8406f4e9bc9,train,mr,1,0.978851,indicsynth,clean
mr-fake-214b3c9efb132b83,train,mr,1,0.910679,indicsynth,clean
mr-fake-228df80bf4abafd6,train,mr,1,0.925204,indicsynth,clean
mr-fake-2356502a79775d03,test,mr,1,0.088479,indicsynth,clean
mr-fake-2356502a79775d03-opus16,test,mr,1,0.904393,indicsynth,opus_whatsapp_sim
mr-fake-23fe7c6d320e5e24,train,mr,1,0.971024,indicsynth,clean
mr-fake-249766a8423c9601,val,mr,1,0.950652,indicsynth,clean
mr-fake-249766a8423c9601-opus16,val,mr,1,0.939138,indicsynth,opus_whatsapp_sim
mr-fake-249db18c231edc29,train,mr,1,0.95163,indicsynth,clean
mr-fake-24d65588be350538,val,mr,1,0.895553,indicsynth,clean
mr-fake-24d65588be350538-opus16,val,mr,1,0.872112,indicsynth,opus_whatsapp_sim
mr-fake-258193954843003f,train,mr,1,0.39579,indicsynth,clean
mr-fake-26745c9bfa93f11d,train,mr,1,0.923529,indicsynth,clean
mr-fake-26c4166e7baf9ac5,train,mr,1,0.891148,indicsynth,clean
mr-fake-26e5a44e12c8938b,val,mr,1,0.944099,indicsynth,clean
mr-fake-26e5a44e12c8938b-opus16,val,mr,1,0.935013,indicsynth,opus_whatsapp_sim
mr-fake-292d705a3cc777a8,train,mr,1,0.918944,indicsynth,clean
mr-fake-297e3078e6def939,train,mr,1,0.882654,indicsynth,clean
mr-fake-2b263bb626c31147,train,mr,1,0.954383,indicsynth,clean
mr-fake-2cf91ff4dfc04734,val,mr,1,0.952774,indicsynth,clean
mr-fake-2cf91ff4dfc04734-opus16,val,mr,1,0.903036,indicsynth,opus_whatsapp_sim
mr-fake-2d0c001c17af9d4c,val,mr,1,0.993951,indicsynth,clean
mr-fake-2d0c001c17af9d4c-opus16,val,mr,1,0.993642,indicsynth,opus_whatsapp_sim
mr-fake-2d173b1fdd6879ef,train,mr,1,0.884519,indicsynth,clean
mr-fake-2ecaceb5fd446a93,train,mr,1,0.830216,indicsynth,clean
mr-fake-2ef78bbbe819f039,val,mr,1,0.969127,indicsynth,clean
mr-fake-2ef78bbbe819f039-opus16,val,mr,1,0.942431,indicsynth,opus_whatsapp_sim
mr-fake-300688ecf8840a9a,test,mr,1,0.692533,indicsynth,clean
mr-fake-300688ecf8840a9a-opus16,test,mr,1,0.376545,indicsynth,opus_whatsapp_sim
mr-fake-30ab4c41eed7dc87,test,mr,1,0.903966,indicsynth,clean
mr-fake-30ab4c41eed7dc87-opus16,test,mr,1,0.912069,indicsynth,opus_whatsapp_sim
mr-fake-30d2b776f6a87ef3,val,mr,1,0.983901,indicsynth,clean
mr-fake-30d2b776f6a87ef3-opus16,val,mr,1,0.988701,indicsynth,opus_whatsapp_sim
mr-fake-315d5e1c6e26d04f,val,mr,1,0.909097,indicsynth,clean
mr-fake-315d5e1c6e26d04f-opus16,val,mr,1,0.936192,indicsynth,opus_whatsapp_sim
mr-fake-334d5b170a82b846,train,mr,1,0.92963,indicsynth,clean
mr-fake-3483ee9f0e9fb99e,train,mr,1,0.926965,indicsynth,clean
mr-fake-34bf60f3a6325a0f,train,mr,1,0.884198,indicsynth,clean
mr-fake-34d2b40384eb9f2c,val,mr,1,0.926595,indicsynth,clean
mr-fake-34d2b40384eb9f2c-opus16,val,mr,1,0.915706,indicsynth,opus_whatsapp_sim
mr-fake-36495b97c0110969,val,mr,1,0.890736,indicsynth,clean
mr-fake-36495b97c0110969-opus16,val,mr,1,0.82778,indicsynth,opus_whatsapp_sim
mr-fake-392983a38fe8669e,train,mr,1,0.989276,indicsynth,clean
mr-fake-39a948d66107f7f7,train,mr,1,0.874806,indicsynth,clean
mr-fake-3ad3431cc5d935a2,train,mr,1,0.964714,indicsynth,clean
mr-fake-3b5179490f768af6,train,mr,1,0.689683,indicsynth,clean
mr-fake-3b9e5c401bdbf3e1,test,mr,1,0.895719,indicsynth,clean
mr-fake-3b9e5c401bdbf3e1-opus16,test,mr,1,0.877865,indicsynth,opus_whatsapp_sim
mr-fake-3bdd5709f446f7ec,train,mr,1,0.936655,indicsynth,clean
mr-fake-3c5be8b671c703d7,train,mr,1,0.815323,indicsynth,clean
mr-fake-3c666311ecfdc519,train,mr,1,0.873411,indicsynth,clean
mr-fake-3d2f9a042323d0fb,test,mr,1,0.971569,indicsynth,clean
mr-fake-3d2f9a042323d0fb-opus16,test,mr,1,0.943819,indicsynth,opus_whatsapp_sim
mr-fake-3f855c6dcb6273a9,train,mr,1,0.899234,indicsynth,clean
mr-fake-40c62e13437316f5,val,mr,1,0.964447,indicsynth,clean
mr-fake-40c62e13437316f5-opus16,val,mr,1,0.946715,indicsynth,opus_whatsapp_sim
mr-fake-419da7e4f2344c33,val,mr,1,0.819993,indicsynth,clean
mr-fake-419da7e4f2344c33-opus16,val,mr,1,0.809122,indicsynth,opus_whatsapp_sim
mr-fake-41ef706806168537,test,mr,1,0.841371,indicsynth,clean
mr-fake-41ef706806168537-opus16,test,mr,1,0.865245,indicsynth,opus_whatsapp_sim
mr-fake-424a4bbb97896ce6,val,mr,1,0.977613,indicsynth,clean
mr-fake-424a4bbb97896ce6-opus16,val,mr,1,0.984917,indicsynth,opus_whatsapp_sim
mr-fake-4310e0dd8a2aa925,val,mr,1,0.975221,indicsynth,clean
mr-fake-4310e0dd8a2aa925-opus16,val,mr,1,0.97462,indicsynth,opus_whatsapp_sim
mr-fake-43a87ee015965bf5,train,mr,1,0.880788,indicsynth,clean
mr-fake-447f6657b1674af2,val,mr,1,0.792096,indicsynth,clean
mr-fake-447f6657b1674af2-opus16,val,mr,1,0.932736,indicsynth,opus_whatsapp_sim
mr-fake-45c1f091d4cd0761,train,mr,1,0.931316,indicsynth,clean
mr-fake-46919def34ed5203,train,mr,1,0.932966,indicsynth,clean
mr-fake-46ec4531f1f8d0ef,test,mr,1,0.477839,indicsynth,clean
mr-fake-46ec4531f1f8d0ef-opus16,test,mr,1,0.96069,indicsynth,opus_whatsapp_sim
mr-fake-46ed431f08812507,test,mr,1,0.916427,indicsynth,clean
mr-fake-46ed431f08812507-opus16,test,mr,1,0.87269,indicsynth,opus_whatsapp_sim
mr-fake-474cdea532cc24ec,test,mr,1,0.854531,indicsynth,clean
mr-fake-474cdea532cc24ec-opus16,test,mr,1,0.88267,indicsynth,opus_whatsapp_sim
mr-fake-47cc744657043160,train,mr,1,0.539555,indicsynth,clean
mr-fake-488fd9082befc698,test,mr,1,0.954903,indicsynth,clean
mr-fake-488fd9082befc698-opus16,test,mr,1,0.729492,indicsynth,opus_whatsapp_sim
mr-fake-48ae25e1eb43cf19,train,mr,1,0.939251,indicsynth,clean
mr-fake-493b6fd71f6b1a3a,test,mr,1,0.830254,indicsynth,clean
mr-fake-493b6fd71f6b1a3a-opus16,test,mr,1,0.881099,indicsynth,opus_whatsapp_sim
mr-fake-49773f5d9d2de7bc,test,mr,1,0.863938,indicsynth,clean
mr-fake-49773f5d9d2de7bc-opus16,test,mr,1,0.835885,indicsynth,opus_whatsapp_sim
mr-fake-4a358852d644a687,train,mr,1,0.94486,indicsynth,clean
mr-fake-4adcaa49da56541b,val,mr,1,0.958941,indicsynth,clean
mr-fake-4adcaa49da56541b-opus16,val,mr,1,0.973962,indicsynth,opus_whatsapp_sim
mr-fake-4b33ffbeb6d513b8,train,mr,1,0.482412,indicsynth,clean
mr-fake-4b3dded6ef6199f0,val,mr,1,0.92936,indicsynth,clean
mr-fake-4b3dded6ef6199f0-opus16,val,mr,1,0.958943,indicsynth,opus_whatsapp_sim
mr-fake-4b99335bc2215db6,val,mr,1,0.902062,indicsynth,clean
mr-fake-4b99335bc2215db6-opus16,val,mr,1,0.903259,indicsynth,opus_whatsapp_sim
mr-fake-4f3959bff117e797,train,mr,1,0.942938,indicsynth,clean
mr-fake-4f5b1e04aa16ef5a,train,mr,1,0.979299,indicsynth,clean
mr-fake-4fada6063a23670b,test,mr,1,0.972726,indicsynth,clean
mr-fake-4fada6063a23670b-opus16,test,mr,1,0.957752,indicsynth,opus_whatsapp_sim
mr-fake-4ffe5cf7d20654ee,val,mr,1,0.94364,indicsynth,clean
mr-fake-4ffe5cf7d20654ee-opus16,val,mr,1,0.941199,indicsynth,opus_whatsapp_sim
mr-fake-50ccd106b256a391,val,mr,1,0.943315,indicsynth,clean
mr-fake-50ccd106b256a391-opus16,val,mr,1,0.961478,indicsynth,opus_whatsapp_sim
mr-fake-51f11d73f0023983,train,mr,1,0.925758,indicsynth,clean
mr-fake-56560952bf371af2,train,mr,1,0.947107,indicsynth,clean
mr-fake-56eacffd3ef2b66e,train,mr,1,0.96831,indicsynth,clean
mr-fake-59287e6b82dd08d4,train,mr,1,0.949417,indicsynth,clean
mr-fake-5a222655b32fa53b,test,mr,1,0.844617,indicsynth,clean
mr-fake-5a222655b32fa53b-opus16,test,mr,1,0.894031,indicsynth,opus_whatsapp_sim
mr-fake-5a263c717065f4ef,test,mr,1,0.816592,indicsynth,clean
mr-fake-5a263c717065f4ef-opus16,test,mr,1,0.821703,indicsynth,opus_whatsapp_sim
mr-fake-5a4cfdc3bb25106b,test,mr,1,0.904525,indicsynth,clean
mr-fake-5a4cfdc3bb25106b-opus16,test,mr,1,0.72318,indicsynth,opus_whatsapp_sim
mr-fake-5a6ea9253f65c8b5,test,mr,1,0.928552,indicsynth,clean
mr-fake-5a6ea9253f65c8b5-opus16,test,mr,1,0.945032,indicsynth,opus_whatsapp_sim
mr-fake-5c899ab9fadf671b,val,mr,1,0.975571,indicsynth,clean
mr-fake-5c899ab9fadf671b-opus16,val,mr,1,0.982507,indicsynth,opus_whatsapp_sim
mr-fake-5cd713e253ff7b12,train,mr,1,0.97218,indicsynth,clean
mr-fake-5f51bb2529633fe8,train,mr,1,0.99185,indicsynth,clean
mr-fake-5fd695a8429d1ec7,test,mr,1,0.88742,indicsynth,clean
mr-fake-5fd695a8429d1ec7-opus16,test,mr,1,0.851741,indicsynth,opus_whatsapp_sim
mr-fake-6013c25fa915309b,val,mr,1,0.910781,indicsynth,clean
mr-fake-6013c25fa915309b-opus16,val,mr,1,0.89589,indicsynth,opus_whatsapp_sim
mr-fake-60d0ebaaa2bebf4a,train,mr,1,0.939629,indicsynth,clean
mr-fake-6193b9401b761716,test,mr,1,0.190524,indicsynth,clean
mr-fake-6193b9401b761716-opus16,test,mr,1,0.222841,indicsynth,opus_whatsapp_sim
mr-fake-6197bee2a74dfd02,val,mr,1,0.864573,indicsynth,clean
mr-fake-6197bee2a74dfd02-opus16,val,mr,1,0.705096,indicsynth,opus_whatsapp_sim
mr-fake-62ff84a3417cb211,train,mr,1,0.920492,indicsynth,clean
mr-fake-638e78340782df34,train,mr,1,0.961184,indicsynth,clean
mr-fake-63f40b0e182c324a,val,mr,1,0.859753,indicsynth,clean
mr-fake-63f40b0e182c324a-opus16,val,mr,1,0.860108,indicsynth,opus_whatsapp_sim
mr-fake-643153f2ddf4c500,train,mr,1,0.935908,indicsynth,clean
mr-fake-64fbff9389b68703,val,mr,1,0.737812,indicsynth,clean
mr-fake-64fbff9389b68703-opus16,val,mr,1,0.853646,indicsynth,opus_whatsapp_sim
mr-fake-66dede99c52e76e5,val,mr,1,0.857558,indicsynth,clean
mr-fake-66dede99c52e76e5-opus16,val,mr,1,0.921733,indicsynth,opus_whatsapp_sim
mr-fake-6722fb1be977c0bd,train,mr,1,0.967439,indicsynth,clean
mr-fake-69d762b19bf568b9,train,mr,1,0.955338,indicsynth,clean
mr-fake-6a6b1b3933fc4327,train,mr,1,0.909181,indicsynth,clean
mr-fake-6b8d46f3437b14fe,train,mr,1,0.42227,indicsynth,clean
mr-fake-6db98fa66274ed19,val,mr,1,0.926872,indicsynth,clean
mr-fake-6db98fa66274ed19-opus16,val,mr,1,0.605082,indicsynth,opus_whatsapp_sim
mr-fake-6dfcacbff9677497,val,mr,1,0.860688,indicsynth,clean
mr-fake-6dfcacbff9677497-opus16,val,mr,1,0.869942,indicsynth,opus_whatsapp_sim
mr-fake-6f951cc60a187a5b,test,mr,1,0.910947,indicsynth,clean
mr-fake-6f951cc60a187a5b-opus16,test,mr,1,0.744093,indicsynth,opus_whatsapp_sim
mr-fake-6ff4b780a90a4cc3,val,mr,1,0.941414,indicsynth,clean
mr-fake-6ff4b780a90a4cc3-opus16,val,mr,1,0.954756,indicsynth,opus_whatsapp_sim
mr-fake-723f2817e6f37c62,train,mr,1,0.934386,indicsynth,clean
mr-fake-730b91024a7988ba,val,mr,1,0.912235,indicsynth,clean
mr-fake-730b91024a7988ba-opus16,val,mr,1,0.883416,indicsynth,opus_whatsapp_sim
mr-fake-73c1416b1520b9fd,train,mr,1,0.87429,indicsynth,clean
mr-fake-73e056a2bdc22d05,train,mr,1,0.902508,indicsynth,clean
mr-fake-749afbbf37b12203,train,mr,1,0.948115,indicsynth,clean
mr-fake-773bce5f2224544d,test,mr,1,0.763577,indicsynth,clean
mr-fake-773bce5f2224544d-opus16,test,mr,1,0.74095,indicsynth,opus_whatsapp_sim
mr-fake-778386f8a461e6f6,val,mr,1,0.66137,indicsynth,clean
mr-fake-778386f8a461e6f6-opus16,val,mr,1,0.383769,indicsynth,opus_whatsapp_sim
mr-fake-77b26cb8736df83e,train,mr,1,0.978831,indicsynth,clean
mr-fake-79f56fa3e1b9c806,train,mr,1,0.96833,indicsynth,clean
mr-fake-7a35e7d38d04b02a,test,mr,1,0.738288,indicsynth,clean
mr-fake-7a35e7d38d04b02a-opus16,test,mr,1,0.919187,indicsynth,opus_whatsapp_sim
mr-fake-7ac05b0af787c200,test,mr,1,0.649026,indicsynth,clean
mr-fake-7ac05b0af787c200-opus16,test,mr,1,0.764901,indicsynth,opus_whatsapp_sim
mr-fake-7d1a796775f073f2,train,mr,1,0.982311,indicsynth,clean
mr-fake-80803b78f1f7c62c,train,mr,1,0.947446,indicsynth,clean
mr-fake-814eb275fa11902c,train,mr,1,0.940237,indicsynth,clean
mr-fake-816bed4130eff247,val,mr,1,0.88407,indicsynth,clean
mr-fake-816bed4130eff247-opus16,val,mr,1,0.960474,indicsynth,opus_whatsapp_sim
mr-fake-82909f656e4ab215,train,mr,1,0.959434,indicsynth,clean
mr-fake-837e52ef129c1058,val,mr,1,0.782193,indicsynth,clean
mr-fake-837e52ef129c1058-opus16,val,mr,1,0.715552,indicsynth,opus_whatsapp_sim
mr-fake-8470e2b5a57a3d64,test,mr,1,0.852671,indicsynth,clean
mr-fake-8470e2b5a57a3d64-opus16,test,mr,1,0.758966,indicsynth,opus_whatsapp_sim
mr-fake-85f20f0a22f2cf69,train,mr,1,0.928279,indicsynth,clean
mr-fake-87e178f2f725d6bc,val,mr,1,0.952048,indicsynth,clean
mr-fake-87e178f2f725d6bc-opus16,val,mr,1,0.906064,indicsynth,opus_whatsapp_sim
mr-fake-89b77b8ca0c19313,val,mr,1,0.938795,indicsynth,clean
mr-fake-89b77b8ca0c19313-opus16,val,mr,1,0.909718,indicsynth,opus_whatsapp_sim
mr-fake-89cbbb08a4b6220f,train,mr,1,0.920451,indicsynth,clean
mr-fake-8ae97e4bcf76a7ac,train,mr,1,0.933176,indicsynth,clean
mr-fake-8b38b5a4fe40a999,val,mr,1,0.913187,indicsynth,clean
mr-fake-8b38b5a4fe40a999-opus16,val,mr,1,0.980762,indicsynth,opus_whatsapp_sim
mr-fake-8b5426b5a9245c34,train,mr,1,0.98396,indicsynth,clean
mr-fake-8ca1da07cbc5208a,val,mr,1,0.954213,indicsynth,clean
mr-fake-8ca1da07cbc5208a-opus16,val,mr,1,0.943578,indicsynth,opus_whatsapp_sim
mr-fake-8eb8d38deaf734eb,train,mr,1,0.897473,indicsynth,clean
mr-fake-8f3dff9bb5ecf137,test,mr,1,0.953657,indicsynth,clean
mr-fake-8f3dff9bb5ecf137-opus16,test,mr,1,0.977221,indicsynth,opus_whatsapp_sim
mr-fake-8f9155e200a5878f,train,mr,1,0.830497,indicsynth,clean
mr-fake-904482cc19c1509a,val,mr,1,0.895299,indicsynth,clean
mr-fake-904482cc19c1509a-opus16,val,mr,1,0.925541,indicsynth,opus_whatsapp_sim
mr-fake-912b142e832aa574,val,mr,1,0.904579,indicsynth,clean
mr-fake-912b142e832aa574-opus16,val,mr,1,0.863179,indicsynth,opus_whatsapp_sim
mr-fake-92522ef729b1dac4,train,mr,1,0.900039,indicsynth,clean
mr-fake-9297db7bbd766b6e,train,mr,1,0.896075,indicsynth,clean
mr-fake-92f09340fdc14a32,val,mr,1,0.976366,indicsynth,clean
mr-fake-92f09340fdc14a32-opus16,val,mr,1,0.980578,indicsynth,opus_whatsapp_sim
mr-fake-9333b53acb9541e1,train,mr,1,0.809426,indicsynth,clean
mr-fake-9341f660886c1be1,test,mr,1,0.870386,indicsynth,clean
mr-fake-9341f660886c1be1-opus16,test,mr,1,0.753743,indicsynth,opus_whatsapp_sim
mr-fake-9486769eb5c59dc4,val,mr,1,0.896988,indicsynth,clean
mr-fake-9486769eb5c59dc4-opus16,val,mr,1,0.885139,indicsynth,opus_whatsapp_sim
mr-fake-964f81b92ac0a2a5,val,mr,1,0.763199,indicsynth,clean
mr-fake-964f81b92ac0a2a5-opus16,val,mr,1,0.930604,indicsynth,opus_whatsapp_sim
mr-fake-968d6edb8d05f796,train,mr,1,0.929358,indicsynth,clean
mr-fake-9777c1abc28f5087,val,mr,1,0.787819,indicsynth,clean
mr-fake-9777c1abc28f5087-opus16,val,mr,1,0.829387,indicsynth,opus_whatsapp_sim
mr-fake-97e65b2c4457a2a4,train,mr,1,0.755182,indicsynth,clean
mr-fake-990f3040ab9cf58c,test,mr,1,0.877357,indicsynth,clean
mr-fake-990f3040ab9cf58c-opus16,test,mr,1,0.905461,indicsynth,opus_whatsapp_sim
mr-fake-9a1d01a3b75b7f60,train,mr,1,0.971144,indicsynth,clean
mr-fake-9b9221c993ff278b,train,mr,1,0.750348,indicsynth,clean
mr-fake-9bfcbba8afc9476e,train,mr,1,0.946108,indicsynth,clean
mr-fake-9cecd4320d8558e1,train,mr,1,0.963284,indicsynth,clean
mr-fake-9d72c2c7c1120124,val,mr,1,0.945436,indicsynth,clean
mr-fake-9d72c2c7c1120124-opus16,val,mr,1,0.938116,indicsynth,opus_whatsapp_sim
mr-fake-9e1c16bdb30ffc65,train,mr,1,0.694747,indicsynth,clean
mr-fake-9e81ec7e77fea2fd,train,mr,1,0.871302,indicsynth,clean
mr-fake-9f395af502bd23f7,train,mr,1,0.877888,indicsynth,clean
mr-fake-9f9610de472d6ca5,val,mr,1,0.942009,indicsynth,clean
mr-fake-9f9610de472d6ca5-opus16,val,mr,1,0.927795,indicsynth,opus_whatsapp_sim
mr-fake-a06eeb2cdc599536,train,mr,1,0.97187,indicsynth,clean
mr-fake-a0fd76f01773db1f,val,mr,1,0.893893,indicsynth,clean
mr-fake-a0fd76f01773db1f-opus16,val,mr,1,0.854731,indicsynth,opus_whatsapp_sim
mr-fake-a2b53618edb55022,train,mr,1,0.956488,indicsynth,clean
mr-fake-a37de8c92a855cfc,test,mr,1,0.886558,indicsynth,clean
mr-fake-a37de8c92a855cfc-opus16,test,mr,1,0.891981,indicsynth,opus_whatsapp_sim
mr-fake-a3ac2ecc1e6bb2be,test,mr,1,0.926521,indicsynth,clean
mr-fake-a3ac2ecc1e6bb2be-opus16,test,mr,1,0.94041,indicsynth,opus_whatsapp_sim
mr-fake-a3d49013289513ff,test,mr,1,0.932836,indicsynth,clean
mr-fake-a3d49013289513ff-opus16,test,mr,1,0.92081,indicsynth,opus_whatsapp_sim
mr-fake-a410750ac0c4eb3a,train,mr,1,0.887948,indicsynth,clean
mr-fake-a53538e729d5f62b,val,mr,1,0.953496,indicsynth,clean
mr-fake-a53538e729d5f62b-opus16,val,mr,1,0.949317,indicsynth,opus_whatsapp_sim
mr-fake-a5a1e908468de6c1,test,mr,1,0.697392,indicsynth,clean
mr-fake-a5a1e908468de6c1-opus16,test,mr,1,0.853926,indicsynth,opus_whatsapp_sim
mr-fake-a713e9b55dd25769,test,mr,1,0.941464,indicsynth,clean
mr-fake-a713e9b55dd25769-opus16,test,mr,1,0.903319,indicsynth,opus_whatsapp_sim
mr-fake-a737766193053da9,val,mr,1,0.95938,indicsynth,clean
mr-fake-a737766193053da9-opus16,val,mr,1,0.96373,indicsynth,opus_whatsapp_sim
mr-fake-a8632e16d5f1b640,val,mr,1,0.969383,indicsynth,clean
mr-fake-a8632e16d5f1b640-opus16,val,mr,1,0.964759,indicsynth,opus_whatsapp_sim
mr-fake-a89218a86965f42d,train,mr,1,0.929793,indicsynth,clean
mr-fake-a8b1543d7978d7a7,val,mr,1,0.83055,indicsynth,clean
mr-fake-a8b1543d7978d7a7-opus16,val,mr,1,0.958202,indicsynth,opus_whatsapp_sim
mr-fake-ac20da21163fc5ce,val,mr,1,0.965308,indicsynth,clean
mr-fake-ac20da21163fc5ce-opus16,val,mr,1,0.962494,indicsynth,opus_whatsapp_sim
mr-fake-aca982aed88af984,val,mr,1,0.974621,indicsynth,clean
mr-fake-aca982aed88af984-opus16,val,mr,1,0.696979,indicsynth,opus_whatsapp_sim
mr-fake-acf6c6eb4190e427,train,mr,1,0.971329,indicsynth,clean
mr-fake-ad71f12ed1d642ab,val,mr,1,0.945997,indicsynth,clean
mr-fake-ad71f12ed1d642ab-opus16,val,mr,1,0.930014,indicsynth,opus_whatsapp_sim
mr-fake-ae4f3874ecbad1b3,train,mr,1,0.939655,indicsynth,clean
mr-fake-afb9e789231a514d,train,mr,1,0.844454,indicsynth,clean
mr-fake-b063a58613cdfae7,train,mr,1,0.957334,indicsynth,clean
mr-fake-b0bf1f1b11670d08,val,mr,1,0.939022,indicsynth,clean
mr-fake-b0bf1f1b11670d08-opus16,val,mr,1,0.951604,indicsynth,opus_whatsapp_sim
mr-fake-b18c21f7a6dba48a,train,mr,1,0.840721,indicsynth,clean
mr-fake-b219ad4f59f7548f,train,mr,1,0.921683,indicsynth,clean
mr-fake-b2f98fef45fff6c5,val,mr,1,0.919672,indicsynth,clean
mr-fake-b2f98fef45fff6c5-opus16,val,mr,1,0.90454,indicsynth,opus_whatsapp_sim
mr-fake-b3394069eb3b181f,train,mr,1,0.919983,indicsynth,clean
mr-fake-b4425369c06ae659,val,mr,1,0.792971,indicsynth,clean
mr-fake-b4425369c06ae659-opus16,val,mr,1,0.847672,indicsynth,opus_whatsapp_sim
mr-fake-b49af2b32430e466,test,mr,1,0.914443,indicsynth,clean
mr-fake-b49af2b32430e466-opus16,test,mr,1,0.878849,indicsynth,opus_whatsapp_sim
mr-fake-b54f01f7cada6315,train,mr,1,0.99348,indicsynth,clean
mr-fake-b587863128a51760,train,mr,1,0.960255,indicsynth,clean
mr-fake-b648423215852ebc,test,mr,1,0.86926,indicsynth,clean
mr-fake-b648423215852ebc-opus16,test,mr,1,0.858068,indicsynth,opus_whatsapp_sim
mr-fake-b684d9a5d54550d4,train,mr,1,0.577266,indicsynth,clean
mr-fake-b69eaa7c5dd88e58,test,mr,1,0.942882,indicsynth,clean
mr-fake-b69eaa7c5dd88e58-opus16,test,mr,1,0.952875,indicsynth,opus_whatsapp_sim
mr-fake-b732f941d24b5900,train,mr,1,0.9459,indicsynth,clean
mr-fake-b87c188bd62d2dc5,train,mr,1,0.933225,indicsynth,clean
mr-fake-b91a64bd58b7a95e,train,mr,1,0.900782,indicsynth,clean
mr-fake-b9ed49d7ca282b75,train,mr,1,0.84742,indicsynth,clean
mr-fake-b9f740bec3ec3238,val,mr,1,0.798627,indicsynth,clean
mr-fake-b9f740bec3ec3238-opus16,val,mr,1,0.938452,indicsynth,opus_whatsapp_sim
mr-fake-ba44b9015a5b3f6d,val,mr,1,0.977219,indicsynth,clean
mr-fake-ba44b9015a5b3f6d-opus16,val,mr,1,0.976376,indicsynth,opus_whatsapp_sim
mr-fake-bc2645e6ba03be1b,val,mr,1,0.831849,indicsynth,clean
mr-fake-bc2645e6ba03be1b-opus16,val,mr,1,0.823554,indicsynth,opus_whatsapp_sim
mr-fake-bec69a719efe8d67,test,mr,1,0.728549,indicsynth,clean
mr-fake-bec69a719efe8d67-opus16,test,mr,1,0.521147,indicsynth,opus_whatsapp_sim
mr-fake-bed942ec3ba6da34,val,mr,1,0.958112,indicsynth,clean
mr-fake-bed942ec3ba6da34-opus16,val,mr,1,0.957314,indicsynth,opus_whatsapp_sim
mr-fake-bff967fe81b9f838,val,mr,1,0.990569,indicsynth,clean
mr-fake-bff967fe81b9f838-opus16,val,mr,1,0.970245,indicsynth,opus_whatsapp_sim
mr-fake-c1354b25e1194763,train,mr,1,0.925613,indicsynth,clean
mr-fake-c194f58c7886990c,val,mr,1,0.836202,indicsynth,clean
mr-fake-c194f58c7886990c-opus16,val,mr,1,0.938866,indicsynth,opus_whatsapp_sim
mr-fake-c1b23c7c42140441,train,mr,1,0.830544,indicsynth,clean
mr-fake-c224578be298bc74,train,mr,1,0.910327,indicsynth,clean
mr-fake-c30d1f560d66313f,train,mr,1,0.973096,indicsynth,clean
mr-fake-c3479223fd41c5f5,train,mr,1,0.952439,indicsynth,clean
mr-fake-c410417570a332ea,train,mr,1,0.935161,indicsynth,clean
mr-fake-c6bef19309cb1974,train,mr,1,0.930162,indicsynth,clean
mr-fake-c762e8ccf435b821,val,mr,1,0.898421,indicsynth,clean
mr-fake-c762e8ccf435b821-opus16,val,mr,1,0.881538,indicsynth,opus_whatsapp_sim
mr-fake-c838370c98a980cf,test,mr,1,0.956503,indicsynth,clean
mr-fake-c838370c98a980cf-opus16,test,mr,1,0.930211,indicsynth,opus_whatsapp_sim
mr-fake-c871ecc51142b2b4,test,mr,1,0.911779,indicsynth,clean
mr-fake-c871ecc51142b2b4-opus16,test,mr,1,0.947724,indicsynth,opus_whatsapp_sim
mr-fake-ca31b9d000dc76cb,train,mr,1,0.850062,indicsynth,clean
mr-fake-caeaa096067a693e,train,mr,1,0.933497,indicsynth,clean
mr-fake-cb57733a216c1d66,train,mr,1,0.849992,indicsynth,clean
mr-fake-cb797a4d074cf673,train,mr,1,0.90672,indicsynth,clean
mr-fake-cd6582682d1365ea,train,mr,1,0.934568,indicsynth,clean
mr-fake-cdf7eab6225833ec,train,mr,1,0.805873,indicsynth,clean
mr-fake-cee949c5628d4233,val,mr,1,0.915751,indicsynth,clean
mr-fake-cee949c5628d4233-opus16,val,mr,1,0.939967,indicsynth,opus_whatsapp_sim
mr-fake-d0e52152d4d0911d,train,mr,1,0.91824,indicsynth,clean
mr-fake-d18cebdb01c251c8,train,mr,1,0.890501,indicsynth,clean
mr-fake-d1b0f15d738c21ea,train,mr,1,0.973125,indicsynth,clean
mr-fake-d3feff4a9571dded,val,mr,1,0.904926,indicsynth,clean
mr-fake-d3feff4a9571dded-opus16,val,mr,1,0.863325,indicsynth,opus_whatsapp_sim
mr-fake-d40c4651b24038da,train,mr,1,0.633336,indicsynth,clean
mr-fake-d41f35297dd70013,test,mr,1,0.899158,indicsynth,clean
mr-fake-d41f35297dd70013-opus16,test,mr,1,0.91592,indicsynth,opus_whatsapp_sim
mr-fake-d80eac5dc4662dfe,train,mr,1,0.947489,indicsynth,clean
mr-fake-da0632077d6fdb6b,val,mr,1,0.897215,indicsynth,clean
mr-fake-da0632077d6fdb6b-opus16,val,mr,1,0.893079,indicsynth,opus_whatsapp_sim
mr-fake-da345032fe9ce550,test,mr,1,0.902249,indicsynth,clean
mr-fake-da345032fe9ce550-opus16,test,mr,1,0.898204,indicsynth,opus_whatsapp_sim
mr-fake-daa91768cd228a55,test,mr,1,0.856515,indicsynth,clean
mr-fake-daa91768cd228a55-opus16,test,mr,1,0.645019,indicsynth,opus_whatsapp_sim
mr-fake-db5e91655ec51d63,test,mr,1,0.926271,indicsynth,clean
mr-fake-db5e91655ec51d63-opus16,test,mr,1,0.907639,indicsynth,opus_whatsapp_sim
mr-fake-dba930bd3040566d,train,mr,1,0.986381,indicsynth,clean
mr-fake-dc5fd39d46ff5426,val,mr,1,0.927494,indicsynth,clean
mr-fake-dc5fd39d46ff5426-opus16,val,mr,1,0.92922,indicsynth,opus_whatsapp_sim
mr-fake-dc98175a215543be,val,mr,1,0.927544,indicsynth,clean
mr-fake-dc98175a215543be-opus16,val,mr,1,0.892647,indicsynth,opus_whatsapp_sim
mr-fake-dcf45e16adf9193a,val,mr,1,0.973191,indicsynth,clean
mr-fake-dcf45e16adf9193a-opus16,val,mr,1,0.954373,indicsynth,opus_whatsapp_sim
mr-fake-ddf60d4cdd19e90f,train,mr,1,0.973922,indicsynth,clean
mr-fake-de2dbe9e120d4e4e,train,mr,1,0.994024,indicsynth,clean
mr-fake-deca6d58c678c1dc,train,mr,1,0.835059,indicsynth,clean
mr-fake-e0875c18b8d8c721,train,mr,1,0.904156,indicsynth,clean
mr-fake-e0e31b9bffecac0f,train,mr,1,0.957651,indicsynth,clean
mr-fake-e1ec556ec2ee856b,train,mr,1,0.978515,indicsynth,clean
mr-fake-e2e7ab6b9243dfce,train,mr,1,0.954542,indicsynth,clean
mr-fake-e6e5a5ece1430b20,train,mr,1,0.935285,indicsynth,clean
mr-fake-e99305d7d7c89656,train,mr,1,0.919043,indicsynth,clean
mr-fake-e9f6a6ae844bded9,train,mr,1,0.960088,indicsynth,clean
mr-fake-ebc6d27daa574662,train,mr,1,0.935639,indicsynth,clean
mr-fake-ec8248b2ae8a18b8,train,mr,1,0.985784,indicsynth,clean
mr-fake-ef0f39a59e9c07e4,val,mr,1,0.963934,indicsynth,clean
mr-fake-ef0f39a59e9c07e4-opus16,val,mr,1,0.967069,indicsynth,opus_whatsapp_sim
mr-fake-ef90c72d6f78c85a,train,mr,1,0.97218,indicsynth,clean
mr-fake-f16cbde713748fe1,test,mr,1,0.917669,indicsynth,clean
mr-fake-f16cbde713748fe1-opus16,test,mr,1,0.904355,indicsynth,opus_whatsapp_sim
mr-fake-f2029fb1c2459ebc,test,mr,1,0.934711,indicsynth,clean
mr-fake-f2029fb1c2459ebc-opus16,test,mr,1,0.87886,indicsynth,opus_whatsapp_sim
mr-fake-f28bd84fab390f51,val,mr,1,0.811031,indicsynth,clean
mr-fake-f28bd84fab390f51-opus16,val,mr,1,0.905971,indicsynth,opus_whatsapp_sim
mr-fake-f35ac13e73f0e365,train,mr,1,0.818561,indicsynth,clean
mr-fake-f36b6607379126b4,test,mr,1,0.813435,indicsynth,clean
mr-fake-f36b6607379126b4-opus16,test,mr,1,0.769783,indicsynth,opus_whatsapp_sim
mr-fake-f58af01ee7790f36,train,mr,1,0.958354,indicsynth,clean
mr-fake-f7063656ed11cf6e,train,mr,1,0.950594,indicsynth,clean
mr-fake-f7461aef453be2d8,val,mr,1,0.966562,indicsynth,clean
mr-fake-f7461aef453be2d8-opus16,val,mr,1,0.957292,indicsynth,opus_whatsapp_sim
mr-fake-f7c8d1e5b7552f23,train,mr,1,0.933595,indicsynth,clean
mr-fake-f802c467676798fd,train,mr,1,0.918437,indicsynth,clean
mr-fake-f8140fc6cb276381,train,mr,1,0.722441,indicsynth,clean
mr-fake-f89db31b1adb5dd9,test,mr,1,0.744523,indicsynth,clean
mr-fake-f89db31b1adb5dd9-opus16,test,mr,1,0.751577,indicsynth,opus_whatsapp_sim
mr-fake-f8adbe993ec77dea,test,mr,1,0.882285,indicsynth,clean
mr-fake-f8adbe993ec77dea-opus16,test,mr,1,0.882934,indicsynth,opus_whatsapp_sim
mr-fake-f8b252451f58f477,train,mr,1,0.905999,indicsynth,clean
mr-fake-f90d889dc88607a1,train,mr,1,0.833631,indicsynth,clean
mr-fake-f9b248b1c0dbb03a,test,mr,1,0.897769,indicsynth,clean
mr-fake-f9b248b1c0dbb03a-opus16,test,mr,1,0.937918,indicsynth,opus_whatsapp_sim
mr-fake-fc238b0b196a62d4,val,mr,1,0.948864,indicsynth,clean
mr-fake-fc238b0b196a62d4-opus16,val,mr,1,0.921739,indicsynth,opus_whatsapp_sim
mr-fake-fc32808eee2f9127,train,mr,1,0.949869,indicsynth,clean
mr-fake-fcfc8fbe11544a43,val,mr,1,0.912819,indicsynth,clean
mr-fake-fcfc8fbe11544a43-opus16,val,mr,1,0.884368,indicsynth,opus_whatsapp_sim
mr-fake-fd85ccbf85260e62,train,mr,1,0.918012,indicsynth,clean
mr-fake-fe991fc2a9f2c30b,train,mr,1,0.96938,indicsynth,clean
mr-fake-ffef7e67dbab6510,train,mr,1,0.893076,indicsynth,clean
mr-real-013bff1627d0e076,train,mr,0,0.178968,kathbath,clean
mr-real-018bf160cec1c8d0,train,mr,0,0.057115,kathbath,clean
mr-real-02f7123c952e9d92,train,mr,0,0.038435,kathbath,clean
mr-real-039d609e56d6665e,train,mr,0,0.008249,kathbath,clean
mr-real-03ca470b2dd00cd9,train,mr,0,0.005262,kathbath,clean
mr-real-0432b5a65680d6d2,train,mr,0,0.208648,kathbath,clean
mr-real-057a87240dfc7104,test,mr,0,0.003179,kathbath,clean
mr-real-057a87240dfc7104-opus16,test,mr,0,0.527054,kathbath,opus_whatsapp_sim
mr-real-0611339985525e22,val,mr,0,0.041344,kathbath,clean
mr-real-0611339985525e22-opus16,val,mr,0,0.088772,kathbath,opus_whatsapp_sim
mr-real-07b8330f389b10fb,train,mr,0,0.004021,kathbath,clean
mr-real-08f5da3b3c227741,train,mr,0,0.010716,kathbath,clean
mr-real-0b996118d1a8542b,train,mr,0,0.023918,kathbath,clean
mr-real-0c3b173d32055fc2,train,mr,0,0.010146,kathbath,clean
mr-real-0c9e86567b0ea629,train,mr,0,0.648637,kathbath,clean
mr-real-0de28dfa62812d23,val,mr,0,0.005011,kathbath,clean
mr-real-0de28dfa62812d23-opus16,val,mr,0,0.104214,kathbath,opus_whatsapp_sim
mr-real-101469865031e4d0,train,mr,0,0.005467,kathbath,clean
mr-real-11a438a255ac5b2c,test,mr,0,0.005902,kathbath,clean
mr-real-11a438a255ac5b2c-opus16,test,mr,0,0.049759,kathbath,opus_whatsapp_sim
mr-real-1206b6f1909f2bbb,train,mr,0,0.017888,kathbath,clean
mr-real-124f3295c6c68b38,test,mr,0,0.021153,kathbath,clean
mr-real-124f3295c6c68b38-opus16,test,mr,0,0.028529,kathbath,opus_whatsapp_sim
mr-real-12517de85cb7a893,train,mr,0,0.004375,kathbath,clean
mr-real-156264c72fd9c647,train,mr,0,0.050635,kathbath,clean
mr-real-15f135fd4efdb7c5,train,mr,0,0.002352,kathbath,clean
mr-real-162797030213c858,test,mr,0,0.002154,kathbath,clean
mr-real-162797030213c858-opus16,test,mr,0,0.11145,kathbath,opus_whatsapp_sim
mr-real-174ca4d9dc804c30,train,mr,0,0.002875,kathbath,clean
mr-real-175a634e16e0991c,train,mr,0,0.016087,kathbath,clean
mr-real-17ace644c26f1c84,train,mr,0,0.003691,kathbath,clean
mr-real-184e77f85cb985a7,train,mr,0,0.003909,kathbath,clean
mr-real-194514090d4454b1,train,mr,0,0.070061,kathbath,clean
mr-real-1a2f9edd9fb2c826,train,mr,0,0.010317,kathbath,clean
mr-real-1b0715dcf59bc7bb,test,mr,0,0.004129,kathbath,clean
mr-real-1b0715dcf59bc7bb-opus16,test,mr,0,0.663222,kathbath,opus_whatsapp_sim
mr-real-1b8a1681eecd4bef,train,mr,0,0.004284,kathbath,clean
mr-real-1c3ff0c3dfd54e15,test,mr,0,0.07354,kathbath,clean
mr-real-1c3ff0c3dfd54e15-opus16,test,mr,0,0.057077,kathbath,opus_whatsapp_sim
mr-real-1cd3b605501818c4,train,mr,0,0.172213,kathbath,clean
mr-real-1d49f4123e45fe6b,train,mr,0,0.011895,kathbath,clean
mr-real-1d677a4a563ef091,train,mr,0,0.002605,kathbath,clean
mr-real-1e3a6be9d2d23c96,train,mr,0,0.035891,kathbath,clean
mr-real-1f03a58840565d33,val,mr,0,0.005509,kathbath,clean
mr-real-1f03a58840565d33-opus16,val,mr,0,0.192463,kathbath,opus_whatsapp_sim
mr-real-21c34eaca6b46cbc,train,mr,0,0.082334,kathbath,clean
mr-real-22819f066da6db48,train,mr,0,0.583363,kathbath,clean
mr-real-237b7c93f9c9e462,train,mr,0,0.004918,kathbath,clean
mr-real-243014293231440f,train,mr,0,0.02604,kathbath,clean
mr-real-24f396915da8a7e6,train,mr,0,0.010036,kathbath,clean
mr-real-268d52708c851d02,train,mr,0,0.419994,kathbath,clean
mr-real-27feab34ea45449e,val,mr,0,0.39088,kathbath,clean
mr-real-27feab34ea45449e-opus16,val,mr,0,0.442933,kathbath,opus_whatsapp_sim
mr-real-281efac8a1634bb5,train,mr,0,0.003259,kathbath,clean
mr-real-2948440860ff1557,train,mr,0,0.370179,kathbath,clean
mr-real-2c3f760a04edb52d,test,mr,0,0.005772,kathbath,clean
mr-real-2c3f760a04edb52d-opus16,test,mr,0,0.059217,kathbath,opus_whatsapp_sim
mr-real-2c5713364cb22dcd,train,mr,0,0.00363,kathbath,clean
mr-real-2cabeb3766df3de5,train,mr,0,0.748843,kathbath,clean
mr-real-2ce7db0f34dfb604,train,mr,0,0.741741,kathbath,clean
mr-real-2cf699f3d385a921,train,mr,0,0.004829,kathbath,clean
mr-real-2dae54a496952f8f,train,mr,0,0.037159,kathbath,clean
mr-real-2e6693db8bff7c85,train,mr,0,0.026531,kathbath,clean
mr-real-2e99392cb0e2125f,train,mr,0,0.004922,kathbath,clean
mr-real-2f0c35effcd1fa3e,train,mr,0,0.027917,kathbath,clean
mr-real-2ffd2d2bbfa7c01c,val,mr,0,0.004953,kathbath,clean
mr-real-2ffd2d2bbfa7c01c-opus16,val,mr,0,0.010978,kathbath,opus_whatsapp_sim
mr-real-31a637b1b9c05c16,train,mr,0,0.00502,kathbath,clean
mr-real-31e78c0592f25736,val,mr,0,0.01769,kathbath,clean
mr-real-31e78c0592f25736-opus16,val,mr,0,0.072398,kathbath,opus_whatsapp_sim
mr-real-31fff41d007f4eb2,train,mr,0,0.009057,kathbath,clean
mr-real-34b1b42e05af1ae3,train,mr,0,0.002509,kathbath,clean
mr-real-35695841d3ac32cf,train,mr,0,0.004629,kathbath,clean
mr-real-35f83c4bd7a2e5d4,train,mr,0,0.00697,kathbath,clean
mr-real-3601ef85832256e2,val,mr,0,0.003814,kathbath,clean
mr-real-3601ef85832256e2-opus16,val,mr,0,0.058782,kathbath,opus_whatsapp_sim
mr-real-3807d599ebc194e2,train,mr,0,0.008819,kathbath,clean
mr-real-38eb2d9cbfd626cb,train,mr,0,0.084106,kathbath,clean
mr-real-3939b845677f8712,train,mr,0,0.022429,kathbath,clean
mr-real-39f4254df1096bd6,train,mr,0,0.003477,kathbath,clean
mr-real-3c8dff7766b08443,train,mr,0,0.880645,kathbath,clean
mr-real-3ce2f0547c317ab0,train,mr,0,0.003793,kathbath,clean
mr-real-3efedf35662d11c8,val,mr,0,0.023074,kathbath,clean
mr-real-3efedf35662d11c8-opus16,val,mr,0,0.053696,kathbath,opus_whatsapp_sim
mr-real-3f14f84b4bbdf6a0,train,mr,0,0.037231,kathbath,clean
mr-real-412b5c71308e3776,train,mr,0,0.068977,kathbath,clean
mr-real-4260c5f940263654,train,mr,0,0.003234,kathbath,clean
mr-real-43b2682d68c6eb8c,train,mr,0,0.027757,kathbath,clean
mr-real-43c6d2613ebf0ec0,train,mr,0,0.002184,kathbath,clean
mr-real-441621c717545e02,train,mr,0,0.072337,kathbath,clean
mr-real-44c75e98f3ac4fd4,test,mr,0,0.004551,kathbath,clean
mr-real-44c75e98f3ac4fd4-opus16,test,mr,0,0.035222,kathbath,opus_whatsapp_sim
mr-real-45f9fb39ca0bfad3,train,mr,0,0.661019,kathbath,clean
mr-real-465ac93a57168437,val,mr,0,0.038723,kathbath,clean
mr-real-465ac93a57168437-opus16,val,mr,0,0.065945,kathbath,opus_whatsapp_sim
mr-real-475753f2d3104f9f,train,mr,0,0.007237,kathbath,clean
mr-real-47a07c649ed00242,train,mr,0,0.004866,kathbath,clean
mr-real-484b4427d98cad3e,test,mr,0,0.179084,kathbath,clean
mr-real-484b4427d98cad3e-opus16,test,mr,0,0.058452,kathbath,opus_whatsapp_sim
mr-real-4d770dbba79546dd,train,mr,0,0.035797,kathbath,clean
mr-real-4e02dac385cb1bbe,train,mr,0,0.031917,kathbath,clean
mr-real-51d890b0850e5391,test,mr,0,0.397792,kathbath,clean
mr-real-51d890b0850e5391-opus16,test,mr,0,0.296634,kathbath,opus_whatsapp_sim
mr-real-52ba2f308f930c8b,train,mr,0,0.012045,kathbath,clean
mr-real-5347ce5ec98c6afb,train,mr,0,0.003987,kathbath,clean
mr-real-5350f4529064774d,val,mr,0,0.043917,kathbath,clean
mr-real-5350f4529064774d-opus16,val,mr,0,0.079241,kathbath,opus_whatsapp_sim
mr-real-55b071eae9238fbf,train,mr,0,0.434993,kathbath,clean
mr-real-58789ab241b74418,train,mr,0,0.005118,kathbath,clean
mr-real-58c6511afe3dabf8,train,mr,0,0.026059,kathbath,clean
mr-real-5a09e8d05c145ccc,train,mr,0,0.002601,kathbath,clean
mr-real-5a46c71f44a414cc,train,mr,0,0.027307,kathbath,clean
mr-real-5c5a63f6e16bfbab,train,mr,0,0.000484,kathbath,clean
mr-real-5cb1b9b0291f8d3e,train,mr,0,0.007126,kathbath,clean
mr-real-5cc93c27eb2acec0,train,mr,0,0.004815,kathbath,clean
mr-real-5ce885ca0dd37a3a,train,mr,0,0.029861,kathbath,clean
mr-real-5d072fdd540d5c22,train,mr,0,0.003372,kathbath,clean
mr-real-5d9f0e10f1d666c3,test,mr,0,0.00901,kathbath,clean
mr-real-5d9f0e10f1d666c3-opus16,test,mr,0,0.011531,kathbath,opus_whatsapp_sim
mr-real-62793ace607df275,train,mr,0,0.004208,kathbath,clean
mr-real-62c664dce4f5d30a,val,mr,0,0.011622,kathbath,clean
mr-real-62c664dce4f5d30a-opus16,val,mr,0,0.027592,kathbath,opus_whatsapp_sim
mr-real-639e78638baedc24,train,mr,0,0.091068,kathbath,clean
mr-real-641d2b6a7fcb4ace,train,mr,0,0.004545,kathbath,clean
mr-real-648737f106c6c31a,train,mr,0,0.009409,kathbath,clean
mr-real-659adacd53f58654,val,mr,0,0.005666,kathbath,clean
mr-real-659adacd53f58654-opus16,val,mr,0,0.09615,kathbath,opus_whatsapp_sim
mr-real-65a848a323375800,train,mr,0,0.003747,kathbath,clean
mr-real-65ba49740ae7e646,train,mr,0,0.122014,kathbath,clean
mr-real-65f22a7b24d3c7a8,test,mr,0,0.057462,kathbath,clean
mr-real-65f22a7b24d3c7a8-opus16,test,mr,0,0.120676,kathbath,opus_whatsapp_sim
mr-real-65fe3d5dc031e9ba,train,mr,0,0.621943,kathbath,clean
mr-real-66af7dca5555d583,train,mr,0,0.004488,kathbath,clean
mr-real-66b87a008f6d2608,train,mr,0,0.029643,kathbath,clean
mr-real-6825d4236609a7c8,train,mr,0,0.014231,kathbath,clean
mr-real-68984c4a955682e5,train,mr,0,0.098336,kathbath,clean
mr-real-68c406a4045be64d,train,mr,0,0.018769,kathbath,clean
mr-real-6b6f1d02c04493bf,train,mr,0,0.003952,kathbath,clean
mr-real-6bf1cf9e1323920a,train,mr,0,0.002966,kathbath,clean
mr-real-6c1dfea995f42698,test,mr,0,0.005869,kathbath,clean
mr-real-6c1dfea995f42698-opus16,test,mr,0,0.010597,kathbath,opus_whatsapp_sim
mr-real-6e23b2d38f42b60b,train,mr,0,0.078633,kathbath,clean
mr-real-6e2e0c3ff5c42f51,train,mr,0,0.036804,kathbath,clean
mr-real-6e851fac7318b9fa,train,mr,0,0.004606,kathbath,clean
mr-real-6f2c5fffba98ec30,train,mr,0,0.003089,kathbath,clean
mr-real-6f5eeba87731115c,val,mr,0,0.012241,kathbath,clean
mr-real-6f5eeba87731115c-opus16,val,mr,0,0.042406,kathbath,opus_whatsapp_sim
mr-real-7060dd7556404741,train,mr,0,0.005479,kathbath,clean
mr-real-7186008ae5441ab3,train,mr,0,0.052919,kathbath,clean
mr-real-71adac5aaa663ff5,train,mr,0,0.118362,kathbath,clean
mr-real-721e3d3c3610a496,train,mr,0,0.006068,kathbath,clean
mr-real-72736cffedee54cc,val,mr,0,0.006697,kathbath,clean
mr-real-72736cffedee54cc-opus16,val,mr,0,0.026196,kathbath,opus_whatsapp_sim
mr-real-732015dd8f61e23a,train,mr,0,0.019355,kathbath,clean
mr-real-74f2a83ad3fecb2f,train,mr,0,0.004791,kathbath,clean
mr-real-752acf6e7fd756bd,train,mr,0,0.008375,kathbath,clean
mr-real-762efdee8843e1fa,train,mr,0,0.003388,kathbath,clean
mr-real-76fbc4891f67cf87,train,mr,0,0.004384,kathbath,clean
mr-real-77b8e9c67f88df26,train,mr,0,0.557655,kathbath,clean
mr-real-780f0924f729db6b,train,mr,0,0.008951,kathbath,clean
mr-real-793714d0761959cb,train,mr,0,0.007255,kathbath,clean
mr-real-7b894ca285335fd9,train,mr,0,0.004008,kathbath,clean
mr-real-7ba9af99b9eba221,train,mr,0,0.026259,kathbath,clean
mr-real-7c74e8b394f49ecf,test,mr,0,0.004029,kathbath,clean
mr-real-7c74e8b394f49ecf-opus16,test,mr,0,0.101325,kathbath,opus_whatsapp_sim
mr-real-7cad247ae8540045,train,mr,0,0.006236,kathbath,clean
mr-real-7d1479672846f01e,train,mr,0,0.005931,kathbath,clean
mr-real-7debdd3bc9fb96c3,test,mr,0,0.004681,kathbath,clean
mr-real-7debdd3bc9fb96c3-opus16,test,mr,0,0.026262,kathbath,opus_whatsapp_sim
mr-real-7f431143e6a22c0d,val,mr,0,0.004953,kathbath,clean
mr-real-7f431143e6a22c0d-opus16,val,mr,0,0.056972,kathbath,opus_whatsapp_sim
mr-real-80e070f734208d14,train,mr,0,0.005465,kathbath,clean
mr-real-86fedb6bd959e569,test,mr,0,0.577774,kathbath,clean
mr-real-86fedb6bd959e569-opus16,test,mr,0,0.553241,kathbath,opus_whatsapp_sim
mr-real-8766b832c0ee7434,train,mr,0,0.025576,kathbath,clean
mr-real-88308901f650da92,train,mr,0,0.006179,kathbath,clean
mr-real-89327ddca0b8b489,train,mr,0,0.061853,kathbath,clean
mr-real-8aade1f18cfc455b,val,mr,0,0.039901,kathbath,clean
mr-real-8aade1f18cfc455b-opus16,val,mr,0,0.054865,kathbath,opus_whatsapp_sim
mr-real-8b0d146a0179365f,train,mr,0,0.003283,kathbath,clean
mr-real-8c0d93f560abaae2,train,mr,0,0.003643,kathbath,clean
mr-real-8c8c6fcadfe59036,train,mr,0,0.013463,kathbath,clean
mr-real-8cd3a1168472cd86,train,mr,0,0.018945,kathbath,clean
mr-real-9068b15ba4813b46,train,mr,0,0.00484,kathbath,clean
mr-real-92e73958c00ba729,train,mr,0,0.004818,kathbath,clean
mr-real-93cc0f8afa08568b,train,mr,0,0.010838,kathbath,clean
mr-real-93d2446a6684bdde,train,mr,0,0.008562,kathbath,clean
mr-real-957d4b53013b1c6b,train,mr,0,0.005501,kathbath,clean
mr-real-95ac1364f4216187,val,mr,0,0.029063,kathbath,clean
mr-real-95ac1364f4216187-opus16,val,mr,0,0.073863,kathbath,opus_whatsapp_sim
mr-real-963d0a7e642cf4a8,val,mr,0,0.006395,kathbath,clean
mr-real-963d0a7e642cf4a8-opus16,val,mr,0,0.006408,kathbath,opus_whatsapp_sim
mr-real-96686441bc342c81,val,mr,0,0.518701,kathbath,clean
mr-real-96686441bc342c81-opus16,val,mr,0,0.565169,kathbath,opus_whatsapp_sim
mr-real-9683882cdaf8bed2,train,mr,0,0.005778,kathbath,clean
mr-real-99adaf3f8b291171,train,mr,0,0.004394,kathbath,clean
mr-real-99d7974b2e122f22,train,mr,0,0.002287,kathbath,clean
mr-real-9a99781d9578b128,train,mr,0,0.018719,kathbath,clean
mr-real-9a9eb4bcfcf952cb,train,mr,0,0.013848,kathbath,clean
mr-real-9ba965632adc6214,train,mr,0,0.012941,kathbath,clean
mr-real-9c577c273994072c,train,mr,0,0.009266,kathbath,clean
mr-real-9c84a937540271a2,val,mr,0,0.002705,kathbath,clean
mr-real-9c84a937540271a2-opus16,val,mr,0,0.067313,kathbath,opus_whatsapp_sim
mr-real-9dad5c4ae9fa469e,train,mr,0,0.024214,kathbath,clean
mr-real-9dc91a5fa4d80bf1,train,mr,0,0.004877,kathbath,clean
mr-real-9e0d008e77a3849c,train,mr,0,0.050615,kathbath,clean
mr-real-9e6be4136988e302,test,mr,0,0.009486,kathbath,clean
mr-real-9e6be4136988e302-opus16,test,mr,0,0.023703,kathbath,opus_whatsapp_sim
mr-real-9f6ab4d5fad4b6db,train,mr,0,0.006547,kathbath,clean
mr-real-9fde2fc882b1363d,train,mr,0,0.015211,kathbath,clean
mr-real-a0525b27ab3c37ad,train,mr,0,0.119277,kathbath,clean
mr-real-a0e5cfe2e3eb4c01,train,mr,0,0.081324,kathbath,clean
mr-real-a1947549a65f919f,train,mr,0,0.01001,kathbath,clean
mr-real-a2053ce38aabe5da,val,mr,0,0.012124,kathbath,clean
mr-real-a2053ce38aabe5da-opus16,val,mr,0,0.02794,kathbath,opus_whatsapp_sim
mr-real-a258e6778738d1d8,train,mr,0,0.01783,kathbath,clean
mr-real-a28734d5449f26cf,train,mr,0,0.003697,kathbath,clean
mr-real-a29671910d45719b,train,mr,0,0.044525,kathbath,clean
mr-real-a312ffb4581560a6,train,mr,0,0.004336,kathbath,clean
mr-real-a3aa124861e485af,train,mr,0,0.020087,kathbath,clean
mr-real-a3f940393c393073,train,mr,0,0.023427,kathbath,clean
mr-real-a403ead5aa15924e,test,mr,0,0.029065,kathbath,clean
mr-real-a403ead5aa15924e-opus16,test,mr,0,0.050401,kathbath,opus_whatsapp_sim
mr-real-a55223c6d2fdf921,train,mr,0,0.002746,kathbath,clean
mr-real-a618dc8965b19d97,train,mr,0,0.553313,kathbath,clean
mr-real-a655f116cf28e726,train,mr,0,0.007395,kathbath,clean
mr-real-a66d9f67eb67cafa,test,mr,0,0.002535,kathbath,clean
mr-real-a66d9f67eb67cafa-opus16,test,mr,0,0.012476,kathbath,opus_whatsapp_sim
mr-real-a9055e3cee57e334,train,mr,0,0.003682,kathbath,clean
mr-real-a92f677c8b0196d5,val,mr,0,0.004043,kathbath,clean
mr-real-a92f677c8b0196d5-opus16,val,mr,0,0.009993,kathbath,opus_whatsapp_sim
mr-real-a935b958ab3424ee,val,mr,0,0.002251,kathbath,clean
mr-real-a935b958ab3424ee-opus16,val,mr,0,0.025792,kathbath,opus_whatsapp_sim
mr-real-a96abf6f70b0ee5e,train,mr,0,0.017849,kathbath,clean
mr-real-a97628114b528d3f,train,mr,0,0.005709,kathbath,clean
mr-real-a97900adf839d49f,train,mr,0,0.012267,kathbath,clean
mr-real-a97d69f2b4a8b8d0,train,mr,0,0.004751,kathbath,clean
mr-real-aac1a122e8e8fcf8,train,mr,0,0.690985,kathbath,clean
mr-real-aac6977726eee242,train,mr,0,0.0097,kathbath,clean
mr-real-abf6f747be3c108b,val,mr,0,0.002218,kathbath,clean
mr-real-abf6f747be3c108b-opus16,val,mr,0,0.024982,kathbath,opus_whatsapp_sim
mr-real-ac4e44cc9bbffa0d,train,mr,0,0.044095,kathbath,clean
mr-real-ad558aa1d3fea14a,train,mr,0,0.119025,kathbath,clean
mr-real-ae3cb31f76d51c5e,train,mr,0,0.002582,kathbath,clean
mr-real-ae88450b709dd413,train,mr,0,0.013435,kathbath,clean
mr-real-af04eb7b2e1b06df,val,mr,0,0.018414,kathbath,clean
mr-real-af04eb7b2e1b06df-opus16,val,mr,0,0.148345,kathbath,opus_whatsapp_sim
mr-real-af9c531611038fd9,train,mr,0,0.692099,kathbath,clean
mr-real-b48623c105bb1ae8,train,mr,0,0.027936,kathbath,clean
mr-real-b725d3e001240057,train,mr,0,0.01305,kathbath,clean
mr-real-b76049f034788d83,train,mr,0,0.004917,kathbath,clean
mr-real-b909967210d569bf,train,mr,0,0.014502,kathbath,clean
mr-real-b94b8515cd7693e7,train,mr,0,0.008979,kathbath,clean
mr-real-b9c13452cf8fec9a,train,mr,0,0.005602,kathbath,clean
mr-real-ba5f95b3f27312cf,train,mr,0,0.035946,kathbath,clean
mr-real-bb01941b518f485d,val,mr,0,0.007056,kathbath,clean
mr-real-bb01941b518f485d-opus16,val,mr,0,0.124175,kathbath,opus_whatsapp_sim
mr-real-bbced1e77d34b4b1,train,mr,0,0.21873,kathbath,clean
mr-real-bc4e474c4ac166d4,train,mr,0,0.004761,kathbath,clean
mr-real-bc8e0ef671f4b8ff,train,mr,0,0.115506,kathbath,clean
mr-real-bdb5a48efda31580,val,mr,0,0.005333,kathbath,clean
mr-real-bdb5a48efda31580-opus16,val,mr,0,0.0698,kathbath,opus_whatsapp_sim
mr-real-be287b1c0a64190c,train,mr,0,0.021177,kathbath,clean
mr-real-bf7c179c621ac821,train,mr,0,0.067865,kathbath,clean
mr-real-bfb42f24e9d1191a,train,mr,0,0.425773,kathbath,clean
mr-real-bfc67af26d891fe3,test,mr,0,0.007113,kathbath,clean
mr-real-bfc67af26d891fe3-opus16,test,mr,0,0.046488,kathbath,opus_whatsapp_sim
mr-real-c016d1262b62a692,test,mr,0,0.020638,kathbath,clean
mr-real-c016d1262b62a692-opus16,test,mr,0,0.043123,kathbath,opus_whatsapp_sim
mr-real-c09138d304bd4953,train,mr,0,0.687506,kathbath,clean
mr-real-c1b00229b211005e,train,mr,0,0.004627,kathbath,clean
mr-real-c1e4eb1bbf263cf5,train,mr,0,0.035095,kathbath,clean
mr-real-c2ca902a9220b60a,train,mr,0,0.011668,kathbath,clean
mr-real-c2eab5206293d96c,train,mr,0,0.004472,kathbath,clean
mr-real-c44af7a854823a89,train,mr,0,0.127378,kathbath,clean
mr-real-c49ed466fda62534,train,mr,0,0.016318,kathbath,clean
mr-real-c4cf57b54a429415,val,mr,0,0.00093,kathbath,clean
mr-real-c4cf57b54a429415-opus16,val,mr,0,0.028464,kathbath,opus_whatsapp_sim
mr-real-c5fa05bb7bdc0733,train,mr,0,0.00151,kathbath,clean
mr-real-c7232ad89869614e,val,mr,0,0.010662,kathbath,clean
mr-real-c7232ad89869614e-opus16,val,mr,0,0.027639,kathbath,opus_whatsapp_sim
mr-real-c7356cd5cfd3044d,train,mr,0,0.009294,kathbath,clean
mr-real-c7a622a2c893eeef,train,mr,0,0.004302,kathbath,clean
mr-real-c815a7040adcbc16,train,mr,0,0.064228,kathbath,clean
mr-real-c8b6c2c23e53663e,train,mr,0,0.064469,kathbath,clean
mr-real-c908b3f6030639dd,train,mr,0,0.020614,kathbath,clean
mr-real-cb2c8f912d83c7a6,test,mr,0,0.337798,kathbath,clean
mr-real-cb2c8f912d83c7a6-opus16,test,mr,0,0.418169,kathbath,opus_whatsapp_sim
mr-real-ce76c9e0e394bd9b,train,mr,0,0.015193,kathbath,clean
mr-real-d0ff6e823d2886dd,train,mr,0,0.031385,kathbath,clean
mr-real-d149108b8d150050,train,mr,0,0.002748,kathbath,clean
mr-real-d1d2fff4836a1d72,train,mr,0,0.002258,kathbath,clean
mr-real-d23e68a7e0e55d5f,train,mr,0,0.004551,kathbath,clean
mr-real-d293531b6b987025,train,mr,0,0.00543,kathbath,clean
mr-real-d45aa31735c38846,train,mr,0,0.006991,kathbath,clean
mr-real-d510967c780a8d40,train,mr,0,0.016725,kathbath,clean
mr-real-d6d6c75719f8bab4,train,mr,0,0.00943,kathbath,clean
mr-real-d6f5145cc3e7b349,train,mr,0,0.048357,kathbath,clean
mr-real-d74f3b5f1b12bfd5,train,mr,0,0.024326,kathbath,clean
mr-real-d7ad6fe750dc5b3d,train,mr,0,0.473773,kathbath,clean
mr-real-d8d676e93a7aebd3,val,mr,0,0.005719,kathbath,clean
mr-real-d8d676e93a7aebd3-opus16,val,mr,0,0.06029,kathbath,opus_whatsapp_sim
mr-real-d8df2455ea4592ee,train,mr,0,0.06699,kathbath,clean
mr-real-d8e6084a17433b4d,train,mr,0,0.098293,kathbath,clean
mr-real-d9e065a802de70cb,train,mr,0,0.083228,kathbath,clean
mr-real-d9fa160438feec76,train,mr,0,0.032982,kathbath,clean
mr-real-da405f9a92725284,train,mr,0,0.013993,kathbath,clean
mr-real-db200077110c7ced,train,mr,0,0.011198,kathbath,clean
mr-real-dd05ae6a920ae0e2,train,mr,0,0.008779,kathbath,clean
mr-real-de7a4916f6333697,train,mr,0,0.249631,kathbath,clean
mr-real-df22399a9b9ceb9e,train,mr,0,0.078835,kathbath,clean
mr-real-e02b8720fa49db40,train,mr,0,0.269939,kathbath,clean
mr-real-e0bbb98120e9b1f1,train,mr,0,0.234358,kathbath,clean
mr-real-e0fcaae130638fa8,train,mr,0,0.023513,kathbath,clean
mr-real-e15fc343bc4e674b,train,mr,0,0.031185,kathbath,clean
mr-real-e456739569553b70,train,mr,0,0.039268,kathbath,clean
mr-real-e53c8285623d3a5a,train,mr,0,0.070653,kathbath,clean
mr-real-e77b41bff20bd3a1,train,mr,0,0.003794,kathbath,clean
mr-real-e799dadb6b8fa7fb,val,mr,0,0.018501,kathbath,clean
mr-real-e799dadb6b8fa7fb-opus16,val,mr,0,0.010035,kathbath,opus_whatsapp_sim
mr-real-e7ae0950f3e3c288,train,mr,0,0.740987,kathbath,clean
mr-real-e92f0c349ef0f93d,train,mr,0,0.134453,kathbath,clean
mr-real-ec55ae5e65ac7a8a,train,mr,0,0.009963,kathbath,clean
mr-real-ecd1a029950fc5a2,train,mr,0,0.081271,kathbath,clean
mr-real-ece4871d6b0d8726,train,mr,0,0.003684,kathbath,clean
mr-real-ed139fbef86ecacc,train,mr,0,0.008149,kathbath,clean
mr-real-ed3a036928321087,train,mr,0,0.022329,kathbath,clean
mr-real-edb1326b499a7191,train,mr,0,0.006799,kathbath,clean
mr-real-edc0a27f7cb0759b,train,mr,0,0.10767,kathbath,clean
mr-real-f228f4083b41bdd6,val,mr,0,0.002207,kathbath,clean
mr-real-f228f4083b41bdd6-opus16,val,mr,0,0.049319,kathbath,opus_whatsapp_sim
mr-real-f293d66147f49fe0,train,mr,0,0.489099,kathbath,clean
mr-real-f2be21b4d6ce87c3,val,mr,0,0.155168,kathbath,clean
mr-real-f2be21b4d6ce87c3-opus16,val,mr,0,0.135848,kathbath,opus_whatsapp_sim
mr-real-f4039559090f6173,val,mr,0,0.033605,kathbath,clean
mr-real-f4039559090f6173-opus16,val,mr,0,0.044531,kathbath,opus_whatsapp_sim
mr-real-f41b11ebc33af49d,train,mr,0,0.064346,kathbath,clean
mr-real-f41f1d8e12c405d0,val,mr,0,0.00362,kathbath,clean
mr-real-f41f1d8e12c405d0-opus16,val,mr,0,0.080168,kathbath,opus_whatsapp_sim
mr-real-f44b810e975505e9,val,mr,0,0.010668,kathbath,clean
mr-real-f44b810e975505e9-opus16,val,mr,0,0.063187,kathbath,opus_whatsapp_sim
mr-real-f4db96afc562498a,test,mr,0,0.000877,kathbath,clean
mr-real-f4db96afc562498a-opus16,test,mr,0,0.009557,kathbath,opus_whatsapp_sim
mr-real-f557475a32c6a45c,val,mr,0,0.004595,kathbath,clean
mr-real-f557475a32c6a45c-opus16,val,mr,0,0.007711,kathbath,opus_whatsapp_sim
mr-real-f737048fb847b374,test,mr,0,0.003911,kathbath,clean
mr-real-f737048fb847b374-opus16,test,mr,0,0.080817,kathbath,opus_whatsapp_sim
mr-real-f7a65b23217b6eee,train,mr,0,0.005612,kathbath,clean
mr-real-f7be921d2ec8f8d5,test,mr,0,0.002903,kathbath,clean
mr-real-f7be921d2ec8f8d5-opus16,test,mr,0,0.004671,kathbath,opus_whatsapp_sim
mr-real-f86e1009c281b39f,train,mr,0,0.006596,kathbath,clean
mr-real-f897350583afc133,train,mr,0,0.02036,kathbath,clean
mr-real-f89bfec2948cfaf5,test,mr,0,0.009505,kathbath,clean
mr-real-f89bfec2948cfaf5-opus16,test,mr,0,0.01754,kathbath,opus_whatsapp_sim
mr-real-f8c21859c0a6a6f3,train,mr,0,0.003081,kathbath,clean
mr-real-f8f3b3fb2ae137e7,train,mr,0,0.0049,kathbath,clean
mr-real-f98971da4b0cd275,train,mr,0,0.054521,kathbath,clean
mr-real-fa49d4dd98143413,val,mr,0,0.064673,kathbath,clean
mr-real-fa49d4dd98143413-opus16,val,mr,0,0.096285,kathbath,opus_whatsapp_sim
mr-real-fd8ce4dc877bd282,train,mr,0,0.007859,kathbath,clean
mr-real-fdcf5b4e514f1426,train,mr,0,0.886553,kathbath,clean
mr-real-fee81762db368e1f,train,mr,0,0.005325,kathbath,clean
mr-real-ff5c5db1d150f953,train,mr,0,0.005083,kathbath,clean
mr-real-ff625801cc34ed34,train,mr,0,0.006645,kathbath,clean
ta-fake-000c9b38fc026a90,train,ta,1,0.916056,indicsynth,clean
ta-fake-01cf1dd34e11b2c2,train,ta,1,0.795492,indicsynth,clean
ta-fake-05c6b121af1fe952,train,ta,1,0.687837,indicsynth,clean
ta-fake-0798d960870bdfc9,train,ta,1,0.946218,indicsynth,clean
ta-fake-082d8c6612ceb5ff,train,ta,1,0.875333,indicsynth,clean
ta-fake-08b3978818fdc3c7,test,ta,1,0.972461,indicsynth,clean
ta-fake-08b3978818fdc3c7-opus16,test,ta,1,0.962525,indicsynth,opus_whatsapp_sim
ta-fake-08bb51b56e85d396,test,ta,1,0.917271,indicsynth,clean
ta-fake-08bb51b56e85d396-opus16,test,ta,1,0.932165,indicsynth,opus_whatsapp_sim
ta-fake-08d9da3a9868d8ba,train,ta,1,0.971877,indicsynth,clean
ta-fake-091e4b3148c92510,train,ta,1,0.936993,indicsynth,clean
ta-fake-09f47b31f9a08c79,train,ta,1,0.482894,indicsynth,clean
ta-fake-0a14a8637bf6e0ce,val,ta,1,0.325299,indicsynth,clean
ta-fake-0a14a8637bf6e0ce-opus16,val,ta,1,0.217982,indicsynth,opus_whatsapp_sim
ta-fake-0adb8c257b88c3d8,train,ta,1,0.955966,indicsynth,clean
ta-fake-0b46376b30a95a26,val,ta,1,0.9682,indicsynth,clean
ta-fake-0b46376b30a95a26-opus16,val,ta,1,0.97614,indicsynth,opus_whatsapp_sim
ta-fake-0bb92997c62b8862,train,ta,1,0.863375,indicsynth,clean
ta-fake-0e45669442d610c2,train,ta,1,0.737825,indicsynth,clean
ta-fake-0f1455ec47fbb969,train,ta,1,0.728911,indicsynth,clean
ta-fake-0f375eb7ebc849e9,train,ta,1,0.95309,indicsynth,clean
ta-fake-10ed091bb68967b5,test,ta,1,0.97034,indicsynth,clean
ta-fake-10ed091bb68967b5-opus16,test,ta,1,0.980059,indicsynth,opus_whatsapp_sim
ta-fake-1202640d3dd0fd33,train,ta,1,0.972212,indicsynth,clean
ta-fake-14b492a1dedaaa7a,train,ta,1,0.964492,indicsynth,clean
ta-fake-15318cc151f323e1,test,ta,1,0.949497,indicsynth,clean
ta-fake-15318cc151f323e1-opus16,test,ta,1,0.900678,indicsynth,opus_whatsapp_sim
ta-fake-158feff431d2e164,val,ta,1,0.991161,indicsynth,clean
ta-fake-158feff431d2e164-opus16,val,ta,1,0.985624,indicsynth,opus_whatsapp_sim
ta-fake-18860bb691659720,test,ta,1,0.860818,indicsynth,clean
ta-fake-18860bb691659720-opus16,test,ta,1,0.828959,indicsynth,opus_whatsapp_sim
ta-fake-190d69eae16922e5,train,ta,1,0.233084,indicsynth,clean
ta-fake-1a17dd051a8c39bf,test,ta,1,0.900851,indicsynth,clean
ta-fake-1a17dd051a8c39bf-opus16,test,ta,1,0.906853,indicsynth,opus_whatsapp_sim
ta-fake-1bf2b601c59ee7db,val,ta,1,0.243942,indicsynth,clean
ta-fake-1bf2b601c59ee7db-opus16,val,ta,1,0.226986,indicsynth,opus_whatsapp_sim
ta-fake-1c91786c01df22fb,train,ta,1,0.379153,indicsynth,clean
ta-fake-1d4ff0b4a4aca15c,train,ta,1,0.942691,indicsynth,clean
ta-fake-1d633b684a1ef374,train,ta,1,0.883585,indicsynth,clean
ta-fake-1f3ad1f542905a80,train,ta,1,0.954356,indicsynth,clean
ta-fake-1f6c1724f9b68189,train,ta,1,0.774473,indicsynth,clean
ta-fake-2120a5bc448ddc60,train,ta,1,0.268705,indicsynth,clean
ta-fake-2128c31aaa2661bd,val,ta,1,0.320109,indicsynth,clean
ta-fake-2128c31aaa2661bd-opus16,val,ta,1,0.233358,indicsynth,opus_whatsapp_sim
ta-fake-215cda35e865b366,train,ta,1,0.677615,indicsynth,clean
ta-fake-21715fb3d2eb0ef7,train,ta,1,0.796434,indicsynth,clean
ta-fake-233ba322f08b899f,train,ta,1,0.70188,indicsynth,clean
ta-fake-234bc94210f51e70,train,ta,1,0.741393,indicsynth,clean
ta-fake-237e8e035cda0f87,train,ta,1,0.862899,indicsynth,clean
ta-fake-2435bb0bfeb03a12,train,ta,1,0.67031,indicsynth,clean
ta-fake-24c651b6963c482d,train,ta,1,0.870724,indicsynth,clean
ta-fake-25252f7c942c84dc,train,ta,1,0.647005,indicsynth,clean
ta-fake-2541fead90598d34,train,ta,1,0.968991,indicsynth,clean
ta-fake-25faafbadc6b8e80,test,ta,1,0.949124,indicsynth,clean
ta-fake-25faafbadc6b8e80-opus16,test,ta,1,0.944006,indicsynth,opus_whatsapp_sim
ta-fake-266a00b0ba465a7e,train,ta,1,0.938905,indicsynth,clean
ta-fake-276372f31c5922d1,val,ta,1,0.904818,indicsynth,clean
ta-fake-276372f31c5922d1-opus16,val,ta,1,0.903283,indicsynth,opus_whatsapp_sim
ta-fake-27d1744f5b0860d5,train,ta,1,0.939378,indicsynth,clean
ta-fake-284a6cc1e37106d2,train,ta,1,0.975444,indicsynth,clean
ta-fake-28a30a25061f72f2,train,ta,1,0.921254,indicsynth,clean
ta-fake-296187f15d1eae2a,train,ta,1,0.856687,indicsynth,clean
ta-fake-2b79afdcc7d0e7c4,test,ta,1,0.930832,indicsynth,clean
ta-fake-2b79afdcc7d0e7c4-opus16,test,ta,1,0.928451,indicsynth,opus_whatsapp_sim
ta-fake-2e89ba57965fadf3,train,ta,1,0.97167,indicsynth,clean
ta-fake-312cc82fa1673820,train,ta,1,0.826256,indicsynth,clean
ta-fake-31faef61a631c8a6,train,ta,1,0.916881,indicsynth,clean
ta-fake-32665625970caaa8,train,ta,1,0.9149,indicsynth,clean
ta-fake-332e0d39d1978fb7,train,ta,1,0.896133,indicsynth,clean
ta-fake-34e1b14a09fbb57e,train,ta,1,0.907552,indicsynth,clean
ta-fake-350e9736441e4dff,train,ta,1,0.925966,indicsynth,clean
ta-fake-35192cdfcf7a4f65,val,ta,1,0.147657,indicsynth,clean
ta-fake-35192cdfcf7a4f65-opus16,val,ta,1,0.18591,indicsynth,opus_whatsapp_sim
ta-fake-376204abf6811c04,train,ta,1,0.834507,indicsynth,clean
ta-fake-383e3441f3dac805,test,ta,1,0.922821,indicsynth,clean
ta-fake-383e3441f3dac805-opus16,test,ta,1,0.842788,indicsynth,opus_whatsapp_sim
ta-fake-38b4df2e4b76279f,train,ta,1,0.490187,indicsynth,clean
ta-fake-39c9fc6554ced64f,train,ta,1,0.876838,indicsynth,clean
ta-fake-3b9ee608504646ac,test,ta,1,0.965539,indicsynth,clean
ta-fake-3b9ee608504646ac-opus16,test,ta,1,0.976824,indicsynth,opus_whatsapp_sim
ta-fake-3c6283e03253cd3d,train,ta,1,0.818787,indicsynth,clean
ta-fake-3d2096323d4274fc,train,ta,1,0.427561,indicsynth,clean
ta-fake-3f263faeb2c3cf6c,train,ta,1,0.920813,indicsynth,clean
ta-fake-42329a795885e10b,train,ta,1,0.52023,indicsynth,clean
ta-fake-42487003a9043dac,val,ta,1,0.952213,indicsynth,clean
ta-fake-42487003a9043dac-opus16,val,ta,1,0.970284,indicsynth,opus_whatsapp_sim
ta-fake-43a6a85f62c67dfa,train,ta,1,0.961924,indicsynth,clean
ta-fake-448038ff1b1f5d6d,train,ta,1,0.963869,indicsynth,clean
ta-fake-449cab626e650079,train,ta,1,0.670565,indicsynth,clean
ta-fake-4781b0f8d1fe0231,train,ta,1,0.844815,indicsynth,clean
ta-fake-489cec769d71ece3,val,ta,1,0.424772,indicsynth,clean
ta-fake-489cec769d71ece3-opus16,val,ta,1,0.318324,indicsynth,opus_whatsapp_sim
ta-fake-48c8135cfe3f3711,val,ta,1,0.759381,indicsynth,clean
ta-fake-48c8135cfe3f3711-opus16,val,ta,1,0.727841,indicsynth,opus_whatsapp_sim
ta-fake-493eb60bf0d61007,train,ta,1,0.963955,indicsynth,clean
ta-fake-49544fd46f46d886,train,ta,1,0.921823,indicsynth,clean
ta-fake-49557f87781a6e58,val,ta,1,0.021857,indicsynth,clean
ta-fake-49557f87781a6e58-opus16,val,ta,1,0.019774,indicsynth,opus_whatsapp_sim
ta-fake-4a48461652e6c63a,train,ta,1,0.974364,indicsynth,clean
ta-fake-4b2491a7e3cd1b34,train,ta,1,0.941642,indicsynth,clean
ta-fake-4c0b952dcdb65c9c,train,ta,1,0.623292,indicsynth,clean
ta-fake-4d6c8d348713cc7b,test,ta,1,0.886412,indicsynth,clean
ta-fake-4d6c8d348713cc7b-opus16,test,ta,1,0.303401,indicsynth,opus_whatsapp_sim
ta-fake-4dc5b98f15486df6,train,ta,1,0.928868,indicsynth,clean
ta-fake-4ee6ea79b30530fb,test,ta,1,0.972274,indicsynth,clean
ta-fake-4ee6ea79b30530fb-opus16,test,ta,1,0.965605,indicsynth,opus_whatsapp_sim
ta-fake-4ffeba01ec0e7d33,train,ta,1,0.821516,indicsynth,clean
ta-fake-502dd4e92b14a338,val,ta,1,0.473463,indicsynth,clean
ta-fake-502dd4e92b14a338-opus16,val,ta,1,0.321822,indicsynth,opus_whatsapp_sim
ta-fake-5240cdf856a043b8,train,ta,1,0.598077,indicsynth,clean
ta-fake-52bc4669d9e90afa,train,ta,1,0.935482,indicsynth,clean
ta-fake-52e9d297bf1af772,val,ta,1,0.43999,indicsynth,clean
ta-fake-52e9d297bf1af772-opus16,val,ta,1,0.349638,indicsynth,opus_whatsapp_sim
ta-fake-558d2cc13cacc066,train,ta,1,0.38841,indicsynth,clean
ta-fake-55f144a9c28334df,train,ta,1,0.178175,indicsynth,clean
ta-fake-57bcd9428e4c133c,train,ta,1,0.581508,indicsynth,clean
ta-fake-594bb35d5a30aae3,train,ta,1,0.8664,indicsynth,clean
ta-fake-59e90c52540f62ea,val,ta,1,0.296494,indicsynth,clean
ta-fake-59e90c52540f62ea-opus16,val,ta,1,0.367243,indicsynth,opus_whatsapp_sim
ta-fake-5a62ed025c42d4b5,train,ta,1,0.959381,indicsynth,clean
ta-fake-5a8236d4103ce75a,train,ta,1,0.952554,indicsynth,clean
ta-fake-5c804a33ce6c9ae3,train,ta,1,0.508371,indicsynth,clean
ta-fake-5cd26fb2aa6b53d2,train,ta,1,0.796841,indicsynth,clean
ta-fake-5d7046dcd9ca7bbb,val,ta,1,0.909098,indicsynth,clean
ta-fake-5d7046dcd9ca7bbb-opus16,val,ta,1,0.873805,indicsynth,opus_whatsapp_sim
ta-fake-5da24827dfddfb66,val,ta,1,0.967768,indicsynth,clean
ta-fake-5da24827dfddfb66-opus16,val,ta,1,0.977761,indicsynth,opus_whatsapp_sim
ta-fake-5fbd1d1e91a2d5c8,train,ta,1,0.768143,indicsynth,clean
ta-fake-5fcb100175c57eb7,train,ta,1,0.357026,indicsynth,clean
ta-fake-652340d5569f54e1,train,ta,1,0.956318,indicsynth,clean
ta-fake-652eda33185b714e,test,ta,1,0.944405,indicsynth,clean
ta-fake-652eda33185b714e-opus16,test,ta,1,0.979517,indicsynth,opus_whatsapp_sim
ta-fake-6535352c52b91fe6,val,ta,1,0.561854,indicsynth,clean
ta-fake-6535352c52b91fe6-opus16,val,ta,1,0.66753,indicsynth,opus_whatsapp_sim
ta-fake-6630f95713fa0fc9,train,ta,1,0.913288,indicsynth,clean
ta-fake-6819a2310ff2c5aa,train,ta,1,0.929097,indicsynth,clean
ta-fake-69e220c0f1c9066b,train,ta,1,0.296829,indicsynth,clean
ta-fake-69eb1685aa8b565a,val,ta,1,0.694852,indicsynth,clean
ta-fake-69eb1685aa8b565a-opus16,val,ta,1,0.658835,indicsynth,opus_whatsapp_sim
ta-fake-6a32d653e0c57727,train,ta,1,0.8971,indicsynth,clean
ta-fake-6b8d475e4c926935,train,ta,1,0.947661,indicsynth,clean
ta-fake-6cbd2553febfa849,train,ta,1,0.616872,indicsynth,clean
ta-fake-6d0ab8e6c98f3c81,train,ta,1,0.830832,indicsynth,clean
ta-fake-6e3496d5efae093d,train,ta,1,0.91156,indicsynth,clean
ta-fake-6eaedee466b82099,train,ta,1,0.92732,indicsynth,clean
ta-fake-70f1e27e9bb25163,train,ta,1,0.917827,indicsynth,clean
ta-fake-7154cf7cdda551a4,train,ta,1,0.902276,indicsynth,clean
ta-fake-724a673a24d6f1db,train,ta,1,0.229463,indicsynth,clean
ta-fake-73f16f4613690fa2,train,ta,1,0.890569,indicsynth,clean
ta-fake-74a58bbc03953303,train,ta,1,0.801189,indicsynth,clean
ta-fake-75f75be38273c028,train,ta,1,0.612692,indicsynth,clean
ta-fake-767cc058ec489bd6,val,ta,1,0.14906,indicsynth,clean
ta-fake-767cc058ec489bd6-opus16,val,ta,1,0.116868,indicsynth,opus_whatsapp_sim
ta-fake-7811210aad67f138,train,ta,1,0.751365,indicsynth,clean
ta-fake-788194eb75073cee,train,ta,1,0.89766,indicsynth,clean
ta-fake-7908b372f51d8eca,test,ta,1,0.908338,indicsynth,clean
ta-fake-7908b372f51d8eca-opus16,test,ta,1,0.75754,indicsynth,opus_whatsapp_sim
ta-fake-7947107de81e00ad,train,ta,1,0.93346,indicsynth,clean
ta-fake-79be6e2b89e070fa,train,ta,1,0.712479,indicsynth,clean
ta-fake-7a5b0e5834e84b5c,train,ta,1,0.952705,indicsynth,clean
ta-fake-7aa500053e9873f6,val,ta,1,0.393291,indicsynth,clean
ta-fake-7aa500053e9873f6-opus16,val,ta,1,0.300154,indicsynth,opus_whatsapp_sim
ta-fake-7bbbefcb38a29674,val,ta,1,0.920684,indicsynth,clean
ta-fake-7bbbefcb38a29674-opus16,val,ta,1,0.87712,indicsynth,opus_whatsapp_sim
ta-fake-7c42bee1a8039603,train,ta,1,0.814691,indicsynth,clean
ta-fake-7d20325b9c584354,train,ta,1,0.709429,indicsynth,clean
ta-fake-7d9ba626fece187d,train,ta,1,0.957213,indicsynth,clean
ta-fake-7f692ae37d1957a6,train,ta,1,0.739117,indicsynth,clean
ta-fake-80973792457ec42a,train,ta,1,0.797613,indicsynth,clean
ta-fake-8243aeb1c750a8b8,train,ta,1,0.556236,indicsynth,clean
ta-fake-829d52f530176cf9,val,ta,1,0.967752,indicsynth,clean
ta-fake-829d52f530176cf9-opus16,val,ta,1,0.95014,indicsynth,opus_whatsapp_sim
ta-fake-831f0c1901fee14d,train,ta,1,0.825905,indicsynth,clean
ta-fake-83e9795a59989440,val,ta,1,0.269333,indicsynth,clean
ta-fake-83e9795a59989440-opus16,val,ta,1,0.252866,indicsynth,opus_whatsapp_sim
ta-fake-84a08d01ab34345e,train,ta,1,0.92267,indicsynth,clean
ta-fake-85c5e2666d2f1738,train,ta,1,0.394164,indicsynth,clean
ta-fake-85ccb5a546dc634c,test,ta,1,0.973516,indicsynth,clean
ta-fake-85ccb5a546dc634c-opus16,test,ta,1,0.97758,indicsynth,opus_whatsapp_sim
ta-fake-87cc97e92b716e65,test,ta,1,0.906342,indicsynth,clean
ta-fake-87cc97e92b716e65-opus16,test,ta,1,0.936681,indicsynth,opus_whatsapp_sim
ta-fake-882d35421fe866c3,train,ta,1,0.379805,indicsynth,clean
ta-fake-88e590c7b9fb5f8a,train,ta,1,0.898331,indicsynth,clean
ta-fake-8ad2697aa73f354a,test,ta,1,0.733448,indicsynth,clean
ta-fake-8ad2697aa73f354a-opus16,test,ta,1,0.612375,indicsynth,opus_whatsapp_sim
ta-fake-8b6c6187c99e9480,test,ta,1,0.805345,indicsynth,clean
ta-fake-8b6c6187c99e9480-opus16,test,ta,1,0.818299,indicsynth,opus_whatsapp_sim
ta-fake-8b922dd63b2710de,train,ta,1,0.944241,indicsynth,clean
ta-fake-8c3a717a0a44fe02,val,ta,1,0.82676,indicsynth,clean
ta-fake-8c3a717a0a44fe02-opus16,val,ta,1,0.791312,indicsynth,opus_whatsapp_sim
ta-fake-8ca20f71318088c9,train,ta,1,0.845563,indicsynth,clean
ta-fake-8cc4970bef0f3802,train,ta,1,0.896546,indicsynth,clean
ta-fake-8ced18a9f01ef855,train,ta,1,0.782109,indicsynth,clean
ta-fake-8d64f9f65613c5ef,test,ta,1,0.938093,indicsynth,clean
ta-fake-8d64f9f65613c5ef-opus16,test,ta,1,0.925996,indicsynth,opus_whatsapp_sim
ta-fake-9080dc35389e745f,train,ta,1,0.969897,indicsynth,clean
ta-fake-9085daf1a3a2811c,train,ta,1,0.184666,indicsynth,clean
ta-fake-90a62a913d837b34,val,ta,1,0.267541,indicsynth,clean
ta-fake-90a62a913d837b34-opus16,val,ta,1,0.212551,indicsynth,opus_whatsapp_sim
ta-fake-91033f701851d22a,train,ta,1,0.92075,indicsynth,clean
ta-fake-91058c28b4b00a46,train,ta,1,0.896874,indicsynth,clean
ta-fake-911aa11e18a0cf8e,train,ta,1,0.284794,indicsynth,clean
ta-fake-9183abaa1efd92fd,train,ta,1,0.820162,indicsynth,clean
ta-fake-91aeb64d43c6b235,train,ta,1,0.926141,indicsynth,clean
ta-fake-92c270c671499303,val,ta,1,0.18891,indicsynth,clean
ta-fake-92c270c671499303-opus16,val,ta,1,0.174847,indicsynth,opus_whatsapp_sim
ta-fake-93419600c4c0e6ad,train,ta,1,0.964068,indicsynth,clean
ta-fake-95e9ac8962a2244d,train,ta,1,0.203697,indicsynth,clean
ta-fake-968495190380a27a,train,ta,1,0.633422,indicsynth,clean
ta-fake-9725992e9b6ea42b,val,ta,1,0.606117,indicsynth,clean
ta-fake-9725992e9b6ea42b-opus16,val,ta,1,0.578669,indicsynth,opus_whatsapp_sim
ta-fake-97abfed28c24e253,train,ta,1,0.885799,indicsynth,clean
ta-fake-98bdea94e86ece61,train,ta,1,0.195853,indicsynth,clean
ta-fake-998071258f294a03,train,ta,1,0.974381,indicsynth,clean
ta-fake-9b1f7f9b073ae8f4,train,ta,1,0.943396,indicsynth,clean
ta-fake-9ce418f02f43ab00,train,ta,1,0.916004,indicsynth,clean
ta-fake-9d765b4d8ad3ded2,val,ta,1,0.949446,indicsynth,clean
ta-fake-9d765b4d8ad3ded2-opus16,val,ta,1,0.884901,indicsynth,opus_whatsapp_sim
ta-fake-9e7926b2db4cee20,train,ta,1,0.328077,indicsynth,clean
ta-fake-9e925548ae2b63f6,train,ta,1,0.943659,indicsynth,clean
ta-fake-9ec2af02c9db2ede,train,ta,1,0.970021,indicsynth,clean
ta-fake-9faa264e31daaaea,train,ta,1,0.320707,indicsynth,clean
ta-fake-a019c7630b652bf6,train,ta,1,0.86967,indicsynth,clean
ta-fake-a020f0907ceb802b,train,ta,1,0.848326,indicsynth,clean
ta-fake-a187c29988a07ff0,val,ta,1,0.938616,indicsynth,clean
ta-fake-a187c29988a07ff0-opus16,val,ta,1,0.955121,indicsynth,opus_whatsapp_sim
ta-fake-a3cda9318c3560ea,train,ta,1,0.857383,indicsynth,clean
ta-fake-a4a5a1492e626b1f,train,ta,1,0.843349,indicsynth,clean
ta-fake-a599a97367bc84b2,train,ta,1,0.488115,indicsynth,clean
ta-fake-a680290ef790c814,test,ta,1,0.917506,indicsynth,clean
ta-fake-a680290ef790c814-opus16,test,ta,1,0.970682,indicsynth,opus_whatsapp_sim
ta-fake-a6ce190a7ec55097,train,ta,1,0.463581,indicsynth,clean
ta-fake-a6d5040650714c62,train,ta,1,0.348232,indicsynth,clean
ta-fake-a93bdd7669bd9152,train,ta,1,0.754659,indicsynth,clean
ta-fake-a9c7dad86a7f3f53,test,ta,1,0.942666,indicsynth,clean
ta-fake-a9c7dad86a7f3f53-opus16,test,ta,1,0.937975,indicsynth,opus_whatsapp_sim
ta-fake-aaa0c95eb59fe9cd,train,ta,1,0.807977,indicsynth,clean
ta-fake-ab4059a47a3eb2eb,val,ta,1,0.093291,indicsynth,clean
ta-fake-ab4059a47a3eb2eb-opus16,val,ta,1,0.090505,indicsynth,opus_whatsapp_sim
ta-fake-ac0bc586f6909fa5,train,ta,1,0.63246,indicsynth,clean
ta-fake-ac7e17d60db132ae,train,ta,1,0.5991,indicsynth,clean
ta-fake-ad49466e482a24c8,train,ta,1,0.882111,indicsynth,clean
ta-fake-ad5aaf4d8903b3e9,train,ta,1,0.942005,indicsynth,clean
ta-fake-adea99f9c6894938,val,ta,1,0.347435,indicsynth,clean
ta-fake-adea99f9c6894938-opus16,val,ta,1,0.287201,indicsynth,opus_whatsapp_sim
ta-fake-adeb4c26c1107ff2,test,ta,1,0.911404,indicsynth,clean
ta-fake-adeb4c26c1107ff2-opus16,test,ta,1,0.962288,indicsynth,opus_whatsapp_sim
ta-fake-ae35c379bae16e7a,test,ta,1,0.949672,indicsynth,clean
ta-fake-ae35c379bae16e7a-opus16,test,ta,1,0.937382,indicsynth,opus_whatsapp_sim
ta-fake-af46438834723482,train,ta,1,0.899311,indicsynth,clean
ta-fake-b0ed64a27244b22e,val,ta,1,0.416966,indicsynth,clean
ta-fake-b0ed64a27244b22e-opus16,val,ta,1,0.403015,indicsynth,opus_whatsapp_sim
ta-fake-b14b6451894a3288,train,ta,1,0.717501,indicsynth,clean
ta-fake-b20e8b9cf7150a29,train,ta,1,0.282673,indicsynth,clean
ta-fake-b25b1d38cb4397a6,train,ta,1,0.979267,indicsynth,clean
ta-fake-b2f301c6813111ac,test,ta,1,0.959947,indicsynth,clean
ta-fake-b2f301c6813111ac-opus16,test,ta,1,0.963493,indicsynth,opus_whatsapp_sim
ta-fake-b3e653746f225db0,train,ta,1,0.964894,indicsynth,clean
ta-fake-b4c479b7e5256fb7,train,ta,1,0.801176,indicsynth,clean
ta-fake-b79bee3872e5ce4d,train,ta,1,0.478068,indicsynth,clean
ta-fake-b8f3974a90c3b5ed,train,ta,1,0.941123,indicsynth,clean
ta-fake-ba3f9b21d36cef98,train,ta,1,0.92674,indicsynth,clean
ta-fake-ba5372d1704551e4,train,ta,1,0.603541,indicsynth,clean
ta-fake-ba6f1e2f816526f5,train,ta,1,0.964041,indicsynth,clean
ta-fake-baf759a4e39cb4f3,test,ta,1,0.93313,indicsynth,clean
ta-fake-baf759a4e39cb4f3-opus16,test,ta,1,0.952259,indicsynth,opus_whatsapp_sim
ta-fake-bc8c844894e32fde,train,ta,1,0.96515,indicsynth,clean
ta-fake-bce99e2eb2ab5bc1,train,ta,1,0.356068,indicsynth,clean
ta-fake-bd538a7fe71ebaa1,train,ta,1,0.902532,indicsynth,clean
ta-fake-bd701538838c7215,train,ta,1,0.886386,indicsynth,clean
ta-fake-bd8a7e4b2a1699ce,train,ta,1,0.813005,indicsynth,clean
ta-fake-be13b23ea285aa97,train,ta,1,0.912828,indicsynth,clean
ta-fake-bea08759e9d9d6db,train,ta,1,0.780033,indicsynth,clean
ta-fake-c0d2f6d3268c2b71,train,ta,1,0.822546,indicsynth,clean
ta-fake-c117428aee6b8385,train,ta,1,0.892206,indicsynth,clean
ta-fake-c24de96cb1196b0d,train,ta,1,0.615731,indicsynth,clean
ta-fake-c31c5e3f95fb1409,train,ta,1,0.970929,indicsynth,clean
ta-fake-c3857d07024ec9de,test,ta,1,0.923566,indicsynth,clean
ta-fake-c3857d07024ec9de-opus16,test,ta,1,0.942853,indicsynth,opus_whatsapp_sim
ta-fake-c38b95bcad112109,train,ta,1,0.963714,indicsynth,clean
ta-fake-c3c77a4ed6c83254,train,ta,1,0.887252,indicsynth,clean
ta-fake-c44720fc8c3b2aa1,train,ta,1,0.919002,indicsynth,clean
ta-fake-c52c0663a06220ff,train,ta,1,0.917027,indicsynth,clean
ta-fake-c56251a76237c90e,train,ta,1,0.906217,indicsynth,clean
ta-fake-c601442d4cb4d0ce,train,ta,1,0.890011,indicsynth,clean
ta-fake-c6728d91cb1f5c51,train,ta,1,0.77094,indicsynth,clean
ta-fake-c8bc0bafa5289c91,train,ta,1,0.919749,indicsynth,clean
ta-fake-c8bd5c0f9403928d,val,ta,1,0.974565,indicsynth,clean
ta-fake-c8bd5c0f9403928d-opus16,val,ta,1,0.984976,indicsynth,opus_whatsapp_sim
ta-fake-c946d760e057dd8f,test,ta,1,0.874735,indicsynth,clean
ta-fake-c946d760e057dd8f-opus16,test,ta,1,0.966517,indicsynth,opus_whatsapp_sim
ta-fake-ca42056febbb2349,train,ta,1,0.984137,indicsynth,clean
ta-fake-ca97f96d9db745a1,train,ta,1,0.962851,indicsynth,clean
ta-fake-caa449c766e35789,train,ta,1,0.698547,indicsynth,clean
ta-fake-cadec15a3c4abef0,val,ta,1,0.934385,indicsynth,clean
ta-fake-cadec15a3c4abef0-opus16,val,ta,1,0.946648,indicsynth,opus_whatsapp_sim
ta-fake-cca238014713c720,train,ta,1,0.876331,indicsynth,clean
ta-fake-cd0e3af2dccb0754,train,ta,1,0.895809,indicsynth,clean
ta-fake-cd5bd6cb11774535,train,ta,1,0.854578,indicsynth,clean
ta-fake-cd76b93a03cde045,val,ta,1,0.968129,indicsynth,clean
ta-fake-cd76b93a03cde045-opus16,val,ta,1,0.974644,indicsynth,opus_whatsapp_sim
ta-fake-ce6a3078835fda77,train,ta,1,0.723356,indicsynth,clean
ta-fake-cf3503e998e316bd,train,ta,1,0.873524,indicsynth,clean
ta-fake-cf74aa961e000b61,train,ta,1,0.896608,indicsynth,clean
ta-fake-d03ba7a23fea1aba,train,ta,1,0.812001,indicsynth,clean
ta-fake-d1006a4b20346151,train,ta,1,0.840054,indicsynth,clean
ta-fake-d1c388d6ccb284be,val,ta,1,0.485969,indicsynth,clean
ta-fake-d1c388d6ccb284be-opus16,val,ta,1,0.484752,indicsynth,opus_whatsapp_sim
ta-fake-d32ec2b1e656f9aa,train,ta,1,0.578345,indicsynth,clean
ta-fake-d46eb9a23797b80e,train,ta,1,0.804146,indicsynth,clean
ta-fake-d55e7a60238757b5,test,ta,1,0.938091,indicsynth,clean
ta-fake-d55e7a60238757b5-opus16,test,ta,1,0.848839,indicsynth,opus_whatsapp_sim
ta-fake-d668123cf740f6a3,val,ta,1,0.962872,indicsynth,clean
ta-fake-d668123cf740f6a3-opus16,val,ta,1,0.955054,indicsynth,opus_whatsapp_sim
ta-fake-d75c6ee4624847f8,train,ta,1,0.786225,indicsynth,clean
ta-fake-d77852fa9786e38d,test,ta,1,0.946718,indicsynth,clean
ta-fake-d77852fa9786e38d-opus16,test,ta,1,0.955221,indicsynth,opus_whatsapp_sim
ta-fake-d78e66f8fc5afa40,train,ta,1,0.716361,indicsynth,clean
ta-fake-d7cc1cdb5cb23c7b,val,ta,1,0.547918,indicsynth,clean
ta-fake-d7cc1cdb5cb23c7b-opus16,val,ta,1,0.756211,indicsynth,opus_whatsapp_sim
ta-fake-d8edf3c77a0a221b,train,ta,1,0.915195,indicsynth,clean
ta-fake-d9eab1a9d562a432,train,ta,1,0.859872,indicsynth,clean
ta-fake-db81cd379521433f,test,ta,1,0.846629,indicsynth,clean
ta-fake-db81cd379521433f-opus16,test,ta,1,0.856311,indicsynth,opus_whatsapp_sim
ta-fake-dbe72be3988b3adb,train,ta,1,0.847228,indicsynth,clean
ta-fake-dbf9f8794d7941de,test,ta,1,0.871614,indicsynth,clean
ta-fake-dbf9f8794d7941de-opus16,test,ta,1,0.90181,indicsynth,opus_whatsapp_sim
ta-fake-dc2c399ff860e448,train,ta,1,0.202188,indicsynth,clean
ta-fake-dcb0cfac0b48ffd8,train,ta,1,0.995846,indicsynth,clean
ta-fake-dd7b397cce23ede2,test,ta,1,0.967952,indicsynth,clean
ta-fake-dd7b397cce23ede2-opus16,test,ta,1,0.956527,indicsynth,opus_whatsapp_sim
ta-fake-ddb4114984578cc8,train,ta,1,0.960005,indicsynth,clean
ta-fake-e0f63b6659a66dc9,val,ta,1,0.735598,indicsynth,clean
ta-fake-e0f63b6659a66dc9-opus16,val,ta,1,0.678297,indicsynth,opus_whatsapp_sim
ta-fake-e20e4772c53f550f,val,ta,1,0.185744,indicsynth,clean
ta-fake-e20e4772c53f550f-opus16,val,ta,1,0.148682,indicsynth,opus_whatsapp_sim
ta-fake-e34ac3823e0a391c,test,ta,1,0.741601,indicsynth,clean
ta-fake-e34ac3823e0a391c-opus16,test,ta,1,0.660275,indicsynth,opus_whatsapp_sim
ta-fake-e5910d066e095600,train,ta,1,0.677892,indicsynth,clean
ta-fake-e62af77b5c70d2d0,train,ta,1,0.981304,indicsynth,clean
ta-fake-e79d32a77c80adf9,train,ta,1,0.958659,indicsynth,clean
ta-fake-e7afb96b519e1548,test,ta,1,0.721169,indicsynth,clean
ta-fake-e7afb96b519e1548-opus16,test,ta,1,0.817652,indicsynth,opus_whatsapp_sim
ta-fake-e842e94fb28801f6,train,ta,1,0.882743,indicsynth,clean
ta-fake-e87a5fcfd1a2bbf7,train,ta,1,0.820423,indicsynth,clean
ta-fake-e94e16dfe2275bfe,train,ta,1,0.911807,indicsynth,clean
ta-fake-e995c43262649c83,train,ta,1,0.949847,indicsynth,clean
ta-fake-ea035b77dbfc77ad,train,ta,1,0.706246,indicsynth,clean
ta-fake-eb0a08585d8f0ab0,train,ta,1,0.953151,indicsynth,clean
ta-fake-ee63887fe81c9153,train,ta,1,0.985504,indicsynth,clean
ta-fake-efa811521618fb4d,train,ta,1,0.945397,indicsynth,clean
ta-fake-efaf95ff713c91df,train,ta,1,0.819614,indicsynth,clean
ta-fake-f04d925174ba71f5,train,ta,1,0.874131,indicsynth,clean
ta-fake-f10c3fe35464e275,train,ta,1,0.880992,indicsynth,clean
ta-fake-f1404ffca4a7edf5,train,ta,1,0.839356,indicsynth,clean
ta-fake-f1f1cb217ecb31d2,train,ta,1,0.815767,indicsynth,clean
ta-fake-f312e0a1fa104289,train,ta,1,0.951183,indicsynth,clean
ta-fake-f35dee6e3788c641,train,ta,1,0.79875,indicsynth,clean
ta-fake-f40089c3b0885615,train,ta,1,0.910269,indicsynth,clean
ta-fake-f4098d87f5ccf5e4,train,ta,1,0.963931,indicsynth,clean
ta-fake-f5aa33be77da12a8,train,ta,1,0.973765,indicsynth,clean
ta-fake-f5af97066776e800,train,ta,1,0.857484,indicsynth,clean
ta-fake-f71fe22c692aa018,train,ta,1,0.537118,indicsynth,clean
ta-fake-f742f1e04a8b914c,train,ta,1,0.871381,indicsynth,clean
ta-fake-f80bc43b52df1e92,train,ta,1,0.79769,indicsynth,clean
ta-fake-f89872e887d8b1ff,test,ta,1,0.940712,indicsynth,clean
ta-fake-f89872e887d8b1ff-opus16,test,ta,1,0.903924,indicsynth,opus_whatsapp_sim
ta-fake-f9bd475da5873442,train,ta,1,0.899098,indicsynth,clean
ta-fake-faf8bb0fabb44683,train,ta,1,0.900119,indicsynth,clean
ta-fake-fb81e9899b88f4f0,train,ta,1,0.975773,indicsynth,clean
ta-fake-fc27c9c5a20b73b4,train,ta,1,0.386753,indicsynth,clean
ta-fake-fc345ecc43fc71e5,train,ta,1,0.750151,indicsynth,clean
ta-fake-fe691a3ac516b743,train,ta,1,0.809331,indicsynth,clean
ta-fake-fe69c1a1c0137eba,test,ta,1,0.910487,indicsynth,clean
ta-fake-fe69c1a1c0137eba-opus16,test,ta,1,0.940498,indicsynth,opus_whatsapp_sim
ta-fake-ff6d10f78b19a26e,train,ta,1,0.626429,indicsynth,clean
ta-real-01128b5d7da4f746,train,ta,0,0.048134,kathbath,clean
ta-real-0151ab993f75ed36,test,ta,0,0.049468,kathbath,clean
ta-real-0151ab993f75ed36-opus16,test,ta,0,0.057631,kathbath,opus_whatsapp_sim
ta-real-028afaa64b0848d7,test,ta,0,0.010628,kathbath,clean
ta-real-028afaa64b0848d7-opus16,test,ta,0,0.039985,kathbath,opus_whatsapp_sim
ta-real-02a1f5fa8738bf92,train,ta,0,0.005832,kathbath,clean
ta-real-04d4179ffe29dedb,train,ta,0,0.034608,kathbath,clean
ta-real-0847d9255bb5c7e5,val,ta,0,0.174521,kathbath,clean
ta-real-0847d9255bb5c7e5-opus16,val,ta,0,0.208556,kathbath,opus_whatsapp_sim
ta-real-089438fd1d2ca824,train,ta,0,0.007999,kathbath,clean
ta-real-089a3d6b3f064ca9,train,ta,0,0.014758,kathbath,clean
ta-real-0a1895fe11c7f183,train,ta,0,0.00524,kathbath,clean
ta-real-0a80c27129420bc6,train,ta,0,0.035288,kathbath,clean
ta-real-0aa0203f5b0946cd,train,ta,0,0.025762,kathbath,clean
ta-real-0b38d34efb090688,train,ta,0,0.891645,kathbath,clean
ta-real-0b9f060b4eebafcd,test,ta,0,0.012078,kathbath,clean
ta-real-0b9f060b4eebafcd-opus16,test,ta,0,0.037101,kathbath,opus_whatsapp_sim
ta-real-0c8f987f50a2b25b,train,ta,0,0.004989,kathbath,clean
ta-real-0d301de0261ce17d,test,ta,0,0.012082,kathbath,clean
ta-real-0d301de0261ce17d-opus16,test,ta,0,0.403324,kathbath,opus_whatsapp_sim
ta-real-0d31299c9015d5db,train,ta,0,0.030096,kathbath,clean
ta-real-0e39e731db1f21d9,train,ta,0,0.040094,kathbath,clean
ta-real-0ed8795336301676,train,ta,0,0.940466,kathbath,clean
ta-real-0f698f68739c8186,train,ta,0,0.869072,kathbath,clean
ta-real-0ff38ff70a084d96,train,ta,0,0.053163,kathbath,clean
ta-real-10f91741c78f1dee,train,ta,0,0.004329,kathbath,clean
ta-real-1100e45bbb655d04,train,ta,0,0.002106,kathbath,clean
ta-real-111ce45f17e2294b,test,ta,0,0.002917,kathbath,clean
ta-real-111ce45f17e2294b-opus16,test,ta,0,0.044057,kathbath,opus_whatsapp_sim
ta-real-139c2800497ee517,train,ta,0,0.038078,kathbath,clean
ta-real-15b56dd9cc5528b2,val,ta,0,0.029838,kathbath,clean
ta-real-15b56dd9cc5528b2-opus16,val,ta,0,0.023583,kathbath,opus_whatsapp_sim
ta-real-1625dd5987ce457f,test,ta,0,0.006746,kathbath,clean
ta-real-1625dd5987ce457f-opus16,test,ta,0,0.076626,kathbath,opus_whatsapp_sim
ta-real-173217b079acb340,train,ta,0,0.006384,kathbath,clean
ta-real-1968d76fab7e95db,train,ta,0,0.014482,kathbath,clean
ta-real-1a280575bdc8c632,train,ta,0,0.002431,kathbath,clean
ta-real-1a719a33d97f7e9e,val,ta,0,0.010733,kathbath,clean
ta-real-1a719a33d97f7e9e-opus16,val,ta,0,0.156431,kathbath,opus_whatsapp_sim
ta-real-1ab195175fe2c5f7,train,ta,0,0.021518,kathbath,clean
ta-real-1c53810ea4593491,val,ta,0,0.005752,kathbath,clean
ta-real-1c53810ea4593491-opus16,val,ta,0,0.10138,kathbath,opus_whatsapp_sim
ta-real-1cb6bf527713e93c,train,ta,0,0.044621,kathbath,clean
ta-real-1e2d9e3262032b8b,train,ta,0,0.006195,kathbath,clean
ta-real-1e3ab202f6b35841,train,ta,0,0.003446,kathbath,clean
ta-real-200c554a0e91beb4,train,ta,0,0.005232,kathbath,clean
ta-real-2084dda52b5b7367,train,ta,0,0.010001,kathbath,clean
ta-real-2310fb19c8741f52,val,ta,0,0.767562,kathbath,clean
ta-real-2310fb19c8741f52-opus16,val,ta,0,0.733491,kathbath,opus_whatsapp_sim
ta-real-235d1381282e8e47,test,ta,0,0.007148,kathbath,clean
ta-real-235d1381282e8e47-opus16,test,ta,0,0.050647,kathbath,opus_whatsapp_sim
ta-real-2395dec9cd25b829,test,ta,0,0.004823,kathbath,clean
ta-real-2395dec9cd25b829-opus16,test,ta,0,0.009011,kathbath,opus_whatsapp_sim
ta-real-23e726537d2298eb,train,ta,0,0.326381,kathbath,clean
ta-real-25249ec6fd9b5a97,test,ta,0,0.022167,kathbath,clean
ta-real-25249ec6fd9b5a97-opus16,test,ta,0,0.070096,kathbath,opus_whatsapp_sim
ta-real-25648e9b3882e521,train,ta,0,0.006251,kathbath,clean
ta-real-267526c7b35aed67,train,ta,0,0.004577,kathbath,clean
ta-real-2ae4d7561d4593ee,val,ta,0,0.116445,kathbath,clean
ta-real-2ae4d7561d4593ee-opus16,val,ta,0,0.588914,kathbath,opus_whatsapp_sim
ta-real-2b68a280181535f4,train,ta,0,0.182257,kathbath,clean
ta-real-2c722313252056e7,val,ta,0,0.014638,kathbath,clean
ta-real-2c722313252056e7-opus16,val,ta,0,0.077323,kathbath,opus_whatsapp_sim
ta-real-2dbede073709e38a,train,ta,0,0.005131,kathbath,clean
ta-real-2dd2794427d76684,train,ta,0,0.003257,kathbath,clean
ta-real-3096f7d6cbc33ef1,train,ta,0,0.022348,kathbath,clean
ta-real-30974060c4ac2b40,test,ta,0,0.079636,kathbath,clean
ta-real-30974060c4ac2b40-opus16,test,ta,0,0.334247,kathbath,opus_whatsapp_sim
ta-real-323cceaf42d2774e,train,ta,0,0.004172,kathbath,clean
ta-real-32a4333ced277d70,train,ta,0,0.005402,kathbath,clean
ta-real-333b87010f53834b,train,ta,0,0.010626,kathbath,clean
ta-real-3340b8bcd132d698,train,ta,0,0.010215,kathbath,clean
ta-real-353f41d0837850d3,val,ta,0,0.005349,kathbath,clean
ta-real-353f41d0837850d3-opus16,val,ta,0,0.098732,kathbath,opus_whatsapp_sim
ta-real-356b669ec2385201,train,ta,0,0.003709,kathbath,clean
ta-real-3598bbd18b0f25bf,train,ta,0,0.006464,kathbath,clean
ta-real-372921b6a48a41d2,train,ta,0,0.987427,kathbath,clean
ta-real-38275339aa0fda1a,train,ta,0,0.009072,kathbath,clean
ta-real-384360f5efbb618a,train,ta,0,0.017509,kathbath,clean
ta-real-38479b763409c128,test,ta,0,0.332467,kathbath,clean
ta-real-38479b763409c128-opus16,test,ta,0,0.333789,kathbath,opus_whatsapp_sim
ta-real-39659d9cb8424a14,train,ta,0,0.021361,kathbath,clean
ta-real-3a39009707274d0b,train,ta,0,0.035658,kathbath,clean
ta-real-3b18623b76edec84,train,ta,0,0.216439,kathbath,clean
ta-real-3b2b5ed7c10134a0,train,ta,0,0.074423,kathbath,clean
ta-real-3c6a863054ebcb6c,train,ta,0,0.003727,kathbath,clean
ta-real-3cc8e0b6c23f486f,train,ta,0,0.002851,kathbath,clean
ta-real-3e7142df230fdd10,train,ta,0,0.05823,kathbath,clean
ta-real-40599565a2a7f532,train,ta,0,0.003777,kathbath,clean
ta-real-4213499f1feca696,train,ta,0,0.35336,kathbath,clean
ta-real-43f9c45d5dc81f4d,val,ta,0,0.679019,kathbath,clean
ta-real-43f9c45d5dc81f4d-opus16,val,ta,0,0.686537,kathbath,opus_whatsapp_sim
ta-real-43fd8d63bf102536,train,ta,0,0.866933,kathbath,clean
ta-real-447a75854de236fd,train,ta,0,0.011631,kathbath,clean
ta-real-4542d787352a5b43,train,ta,0,0.0145,kathbath,clean
ta-real-45cc23a516d68da3,train,ta,0,0.012947,kathbath,clean
ta-real-464d17bc947aa3f4,train,ta,0,0.371407,kathbath,clean
ta-real-472a928633fd5f63,train,ta,0,0.00225,kathbath,clean
ta-real-4784e1f43d4b98cf,train,ta,0,0.005473,kathbath,clean
ta-real-47a29cf448a69e2d,train,ta,0,0.069114,kathbath,clean
ta-real-47bda09cc955dab3,train,ta,0,0.054994,kathbath,clean
ta-real-488afcbd22a25ee8,val,ta,0,0.083089,kathbath,clean
ta-real-488afcbd22a25ee8-opus16,val,ta,0,0.101584,kathbath,opus_whatsapp_sim
ta-real-48e7819a4f928ea3,val,ta,0,0.008442,kathbath,clean
ta-real-48e7819a4f928ea3-opus16,val,ta,0,0.012455,kathbath,opus_whatsapp_sim
ta-real-498624658e50b697,train,ta,0,0.501432,kathbath,clean
ta-real-4a97cc5f9e1a8fb2,train,ta,0,0.048224,kathbath,clean
ta-real-4dc4319e430112fe,test,ta,0,0.955065,kathbath,clean
ta-real-4dc4319e430112fe-opus16,test,ta,0,0.956134,kathbath,opus_whatsapp_sim
ta-real-4ddfdd2fb7483460,train,ta,0,0.204076,kathbath,clean
ta-real-4df8426be8a96110,test,ta,0,0.001632,kathbath,clean
ta-real-4df8426be8a96110-opus16,test,ta,0,0.043045,kathbath,opus_whatsapp_sim
ta-real-4e8edcd222dc17e3,train,ta,0,0.011868,kathbath,clean
ta-real-4f4c3fc595710fd9,test,ta,0,0.005247,kathbath,clean
ta-real-4f4c3fc595710fd9-opus16,test,ta,0,0.053247,kathbath,opus_whatsapp_sim
ta-real-50d1ce0b7740dc07,train,ta,0,0.005136,kathbath,clean
ta-real-512740ce8847c801,train,ta,0,0.003394,kathbath,clean
ta-real-53b72eeb3f26eb44,train,ta,0,0.004447,kathbath,clean
ta-real-54406ff7de36f2d3,train,ta,0,0.355381,kathbath,clean
ta-real-5662b45a43cc8822,test,ta,0,0.005826,kathbath,clean
ta-real-5662b45a43cc8822-opus16,test,ta,0,0.28215,kathbath,opus_whatsapp_sim
ta-real-5712967d50983866,test,ta,0,0.138616,kathbath,clean
ta-real-5712967d50983866-opus16,test,ta,0,0.33308,kathbath,opus_whatsapp_sim
ta-real-57ec7fe38ab632fa,test,ta,0,0.002802,kathbath,clean
ta-real-57ec7fe38ab632fa-opus16,test,ta,0,0.027922,kathbath,opus_whatsapp_sim
ta-real-58e29f2bc3ec2bbd,train,ta,0,0.02632,kathbath,clean
ta-real-5a2c168df63ce94a,val,ta,0,0.622811,kathbath,clean
ta-real-5a2c168df63ce94a-opus16,val,ta,0,0.677837,kathbath,opus_whatsapp_sim
ta-real-5b25be2546af51b3,test,ta,0,0.097645,kathbath,clean
ta-real-5b25be2546af51b3-opus16,test,ta,0,0.159657,kathbath,opus_whatsapp_sim
ta-real-5c4d8208d501c59b,train,ta,0,0.485518,kathbath,clean
ta-real-5c61a4840655591e,train,ta,0,0.00766,kathbath,clean
ta-real-5cbb4dae8019136e,test,ta,0,0.002941,kathbath,clean
ta-real-5cbb4dae8019136e-opus16,test,ta,0,0.588583,kathbath,opus_whatsapp_sim
ta-real-5dee813f17405704,test,ta,0,0.006976,kathbath,clean
ta-real-5dee813f17405704-opus16,test,ta,0,0.144534,kathbath,opus_whatsapp_sim
ta-real-5e4d382b6c5c6c7a,train,ta,0,0.045508,kathbath,clean
ta-real-5f3fe86e5a530cba,train,ta,0,0.039783,kathbath,clean
ta-real-5f7a14f3e2bd71e6,train,ta,0,0.004983,kathbath,clean
ta-real-614d84c0bcd170f6,train,ta,0,0.003155,kathbath,clean
ta-real-61ebac6dafa5e238,train,ta,0,0.006879,kathbath,clean
ta-real-620f9b1bcedfe790,test,ta,0,0.006262,kathbath,clean
ta-real-620f9b1bcedfe790-opus16,test,ta,0,0.066794,kathbath,opus_whatsapp_sim
ta-real-62425b74e4ba930e,train,ta,0,0.024806,kathbath,clean
ta-real-6265e773519ec2ec,test,ta,0,0.003425,kathbath,clean
ta-real-6265e773519ec2ec-opus16,test,ta,0,0.055851,kathbath,opus_whatsapp_sim
ta-real-62c4053e8e7cd578,val,ta,0,0.011046,kathbath,clean
ta-real-62c4053e8e7cd578-opus16,val,ta,0,0.044348,kathbath,opus_whatsapp_sim
ta-real-646b8c425ba077aa,test,ta,0,0.01501,kathbath,clean
ta-real-646b8c425ba077aa-opus16,test,ta,0,0.039145,kathbath,opus_whatsapp_sim
ta-real-663a9d6f95509915,train,ta,0,0.023082,kathbath,clean
ta-real-676a4d7f70a916ab,train,ta,0,0.002896,kathbath,clean
ta-real-688e2deef911cd16,test,ta,0,0.004203,kathbath,clean
ta-real-688e2deef911cd16-opus16,test,ta,0,0.26366,kathbath,opus_whatsapp_sim
ta-real-68e16ddf9c836207,val,ta,0,0.066922,kathbath,clean
ta-real-68e16ddf9c836207-opus16,val,ta,0,0.359407,kathbath,opus_whatsapp_sim
ta-real-6933220e67f10061,train,ta,0,0.006112,kathbath,clean
ta-real-693c14155176f2be,val,ta,0,0.005235,kathbath,clean
ta-real-693c14155176f2be-opus16,val,ta,0,0.123381,kathbath,opus_whatsapp_sim
ta-real-6950080922e7eaa0,test,ta,0,0.664275,kathbath,clean
ta-real-6950080922e7eaa0-opus16,test,ta,0,0.746142,kathbath,opus_whatsapp_sim
ta-real-6a0a93eb1f3f124f,train,ta,0,0.004942,kathbath,clean
ta-real-6ad0cb38eda15657,train,ta,0,0.157844,kathbath,clean
ta-real-6b127e76d7578c34,train,ta,0,0.018417,kathbath,clean
ta-real-6b9d86fb7c243b11,train,ta,0,0.006015,kathbath,clean
ta-real-6e14d7ce3eefd490,test,ta,0,0.00708,kathbath,clean
ta-real-6e14d7ce3eefd490-opus16,test,ta,0,0.063653,kathbath,opus_whatsapp_sim
ta-real-6eeeabdc29e8d9c9,train,ta,0,0.893775,kathbath,clean
ta-real-6ffbb4ea6697cde5,val,ta,0,0.005892,kathbath,clean
ta-real-6ffbb4ea6697cde5-opus16,val,ta,0,0.011972,kathbath,opus_whatsapp_sim
ta-real-7000d831c85f313a,train,ta,0,0.00126,kathbath,clean
ta-real-711a351681e4049f,test,ta,0,0.213982,kathbath,clean
ta-real-711a351681e4049f-opus16,test,ta,0,0.263346,kathbath,opus_whatsapp_sim
ta-real-7166ad41317498bd,train,ta,0,0.031927,kathbath,clean
ta-real-72371938241c095d,train,ta,0,0.179913,kathbath,clean
ta-real-7287735199d86f0f,train,ta,0,0.1274,kathbath,clean
ta-real-73bd9c9d697d7192,train,ta,0,0.073229,kathbath,clean
ta-real-74123f37947d7889,train,ta,0,0.072316,kathbath,clean
ta-real-760d7d8ed1315907,train,ta,0,0.016542,kathbath,clean
ta-real-78e80fcf35a3a9ae,val,ta,0,0.76544,kathbath,clean
ta-real-78e80fcf35a3a9ae-opus16,val,ta,0,0.817309,kathbath,opus_whatsapp_sim
ta-real-7ab979b1b74db8dc,train,ta,0,0.00337,kathbath,clean
ta-real-7b379ff9e011ebfd,train,ta,0,0.00975,kathbath,clean
ta-real-7ca7a41cc16eee8e,test,ta,0,0.002874,kathbath,clean
ta-real-7ca7a41cc16eee8e-opus16,test,ta,0,0.048983,kathbath,opus_whatsapp_sim
ta-real-7d585c8b919dc632,train,ta,0,0.003515,kathbath,clean
ta-real-7e2819cc754f699c,val,ta,0,0.020021,kathbath,clean
ta-real-7e2819cc754f699c-opus16,val,ta,0,0.029892,kathbath,opus_whatsapp_sim
ta-real-7e32fcb17b0e306b,val,ta,0,0.489622,kathbath,clean
ta-real-7e32fcb17b0e306b-opus16,val,ta,0,0.44439,kathbath,opus_whatsapp_sim
ta-real-7eb2c44e2b1dde50,train,ta,0,0.064996,kathbath,clean
ta-real-801a6f8782a2f3c6,train,ta,0,0.054084,kathbath,clean
ta-real-8062183933f665be,train,ta,0,0.454719,kathbath,clean
ta-real-8195ca5f65009a6b,train,ta,0,0.023379,kathbath,clean
ta-real-81bcc3cffd1c8c3e,train,ta,0,0.025956,kathbath,clean
ta-real-8215c67682f2cf0c,train,ta,0,0.917461,kathbath,clean
ta-real-827d24a8203d2056,test,ta,0,0.017045,kathbath,clean
ta-real-827d24a8203d2056-opus16,test,ta,0,0.167338,kathbath,opus_whatsapp_sim
ta-real-8379768bd860be6d,train,ta,0,0.013094,kathbath,clean
ta-real-83cd8a61a9670a7f,train,ta,0,0.040148,kathbath,clean
ta-real-841a8031b40d03e5,test,ta,0,0.022943,kathbath,clean
ta-real-841a8031b40d03e5-opus16,test,ta,0,0.527713,kathbath,opus_whatsapp_sim
ta-real-8450224600224092,test,ta,0,0.204359,kathbath,clean
ta-real-8450224600224092-opus16,test,ta,0,0.195334,kathbath,opus_whatsapp_sim
ta-real-8461c0bcf63dfbcb,train,ta,0,0.00662,kathbath,clean
ta-real-84e7cef65c726542,train,ta,0,0.934614,kathbath,clean
ta-real-857c3aa5e48d0911,train,ta,0,0.308498,kathbath,clean
ta-real-88f9d4427c2fb735,train,ta,0,0.011359,kathbath,clean
ta-real-8a05ca68b38d34f2,train,ta,0,0.008036,kathbath,clean
ta-real-8c575357d78508b3,val,ta,0,0.002957,kathbath,clean
ta-real-8c575357d78508b3-opus16,val,ta,0,0.033752,kathbath,opus_whatsapp_sim
ta-real-8d19908d1ab2257a,train,ta,0,0.006325,kathbath,clean
ta-real-8d43bc77fc35951a,train,ta,0,0.004202,kathbath,clean
ta-real-8efbc1c57cd1517e,test,ta,0,0.004824,kathbath,clean
ta-real-8efbc1c57cd1517e-opus16,test,ta,0,0.795866,kathbath,opus_whatsapp_sim
ta-real-8fbbb47988ac5443,train,ta,0,0.004411,kathbath,clean
ta-real-8fc8106bf745e539,train,ta,0,0.760336,kathbath,clean
ta-real-90764cf3167aa8dd,val,ta,0,0.01327,kathbath,clean
ta-real-90764cf3167aa8dd-opus16,val,ta,0,0.052196,kathbath,opus_whatsapp_sim
ta-real-90c0d34648ba3fb0,test,ta,0,0.096351,kathbath,clean
ta-real-90c0d34648ba3fb0-opus16,test,ta,0,0.425245,kathbath,opus_whatsapp_sim
ta-real-90cc358906acca5a,test,ta,0,0.118815,kathbath,clean
ta-real-90cc358906acca5a-opus16,test,ta,0,0.17649,kathbath,opus_whatsapp_sim
ta-real-911db0e172bbaa34,test,ta,0,0.015075,kathbath,clean
ta-real-911db0e172bbaa34-opus16,test,ta,0,0.015747,kathbath,opus_whatsapp_sim
ta-real-91b6a44107ea1f6a,val,ta,0,0.30098,kathbath,clean
ta-real-91b6a44107ea1f6a-opus16,val,ta,0,0.266521,kathbath,opus_whatsapp_sim
ta-real-93aaa2b6656a6ca5,train,ta,0,0.142794,kathbath,clean
ta-real-94c3fd4be540b4c8,train,ta,0,0.005055,kathbath,clean
ta-real-950313a4d0125a6f,test,ta,0,0.008397,kathbath,clean
ta-real-950313a4d0125a6f-opus16,test,ta,0,0.390819,kathbath,opus_whatsapp_sim
ta-real-959db1735a79c7b2,train,ta,0,0.018654,kathbath,clean
ta-real-95f1b07d3b2532fa,train,ta,0,0.022783,kathbath,clean
ta-real-96278f9d4aabe31b,train,ta,0,0.003377,kathbath,clean
ta-real-969fb7f6d53039f3,train,ta,0,0.007947,kathbath,clean
ta-real-96d6afec2ba3b7d3,test,ta,0,0.908778,kathbath,clean
ta-real-96d6afec2ba3b7d3-opus16,test,ta,0,0.895359,kathbath,opus_whatsapp_sim
ta-real-9885219228563ea0,train,ta,0,0.005634,kathbath,clean
ta-real-9a15d4a3ba22f51c,train,ta,0,0.733833,kathbath,clean
ta-real-9c141e3ee695132f,train,ta,0,0.009926,kathbath,clean
ta-real-9cb7024dd1ca5e21,train,ta,0,0.344241,kathbath,clean
ta-real-9d8c817fc7b916e8,train,ta,0,0.165166,kathbath,clean
ta-real-9f5c91a82d9a3003,train,ta,0,0.012058,kathbath,clean
ta-real-a00ddbdf9e2d41ac,train,ta,0,0.00324,kathbath,clean
ta-real-a0e2b534a7cbd989,test,ta,0,0.144591,kathbath,clean
ta-real-a0e2b534a7cbd989-opus16,test,ta,0,0.256193,kathbath,opus_whatsapp_sim
ta-real-a155f639cac9bc1c,train,ta,0,0.004176,kathbath,clean
ta-real-a1f713e0af3dec7c,train,ta,0,0.005219,kathbath,clean
ta-real-a3031adb362ca6ec,test,ta,0,0.026412,kathbath,clean
ta-real-a3031adb362ca6ec-opus16,test,ta,0,0.04515,kathbath,opus_whatsapp_sim
ta-real-a3659586ea87dc1b,val,ta,0,0.004164,kathbath,clean
ta-real-a3659586ea87dc1b-opus16,val,ta,0,0.229281,kathbath,opus_whatsapp_sim
ta-real-a384179608384b9b,val,ta,0,0.008739,kathbath,clean
ta-real-a384179608384b9b-opus16,val,ta,0,0.0856,kathbath,opus_whatsapp_sim
ta-real-a4152b07eca5acff,val,ta,0,0.003838,kathbath,clean
ta-real-a4152b07eca5acff-opus16,val,ta,0,0.081589,kathbath,opus_whatsapp_sim
ta-real-a4250b6b638f16fd,test,ta,0,0.016688,kathbath,clean
ta-real-a4250b6b638f16fd-opus16,test,ta,0,0.141559,kathbath,opus_whatsapp_sim
ta-real-a44cb7c03288e75f,train,ta,0,0.135536,kathbath,clean
ta-real-a67e8552ea6abd40,train,ta,0,0.008291,kathbath,clean
ta-real-a7cdce3ccbc3017c,train,ta,0,0.019112,kathbath,clean
ta-real-a8ff0ad0f61cca5d,test,ta,0,0.009087,kathbath,clean
ta-real-a8ff0ad0f61cca5d-opus16,test,ta,0,0.023951,kathbath,opus_whatsapp_sim
ta-real-a9da926e853752b7,train,ta,0,0.004176,kathbath,clean
ta-real-aac3d7c1601c0de6,test,ta,0,0.390252,kathbath,clean
ta-real-aac3d7c1601c0de6-opus16,test,ta,0,0.251175,kathbath,opus_whatsapp_sim
ta-real-aae8392777d1db44,train,ta,0,0.003352,kathbath,clean
ta-real-ad19ec44a7f4262d,test,ta,0,0.008811,kathbath,clean
ta-real-ad19ec44a7f4262d-opus16,test,ta,0,0.234233,kathbath,opus_whatsapp_sim
ta-real-ad9b4c45e941fa0b,train,ta,0,0.014045,kathbath,clean
ta-real-b013ea2b2e440988,train,ta,0,0.005082,kathbath,clean
ta-real-b1364ea976b88ef0,train,ta,0,0.027436,kathbath,clean
ta-real-b1d6cfa467f08eb7,val,ta,0,0.007965,kathbath,clean
ta-real-b1d6cfa467f08eb7-opus16,val,ta,0,0.072058,kathbath,opus_whatsapp_sim
ta-real-b216a3bc5393d083,train,ta,0,0.002445,kathbath,clean
ta-real-b2375a7949d1d1e6,train,ta,0,0.110167,kathbath,clean
ta-real-b278d6a749e3eac9,train,ta,0,0.033718,kathbath,clean
ta-real-b29daeed30bd0f18,test,ta,0,0.00412,kathbath,clean
ta-real-b29daeed30bd0f18-opus16,test,ta,0,0.105867,kathbath,opus_whatsapp_sim
ta-real-b29e5ee30d6e396d,train,ta,0,0.003279,kathbath,clean
ta-real-b3c29ce2405e52e7,train,ta,0,0.081043,kathbath,clean
ta-real-b487bdba9e2e5b0b,val,ta,0,0.803431,kathbath,clean
ta-real-b487bdba9e2e5b0b-opus16,val,ta,0,0.80408,kathbath,opus_whatsapp_sim
ta-real-b58f69c800eab06a,test,ta,0,0.014159,kathbath,clean
ta-real-b58f69c800eab06a-opus16,test,ta,0,0.013935,kathbath,opus_whatsapp_sim
ta-real-b634bb979d6361c6,train,ta,0,0.007753,kathbath,clean
ta-real-b758520a9f99c11b,val,ta,0,0.005236,kathbath,clean
ta-real-b758520a9f99c11b-opus16,val,ta,0,0.088526,kathbath,opus_whatsapp_sim
ta-real-b7e4fea72cf195e0,train,ta,0,0.075234,kathbath,clean
ta-real-b987d33779e8e995,val,ta,0,0.018275,kathbath,clean
ta-real-b987d33779e8e995-opus16,val,ta,0,0.016045,kathbath,opus_whatsapp_sim
ta-real-b9a4deef91afc8ca,test,ta,0,0.043548,kathbath,clean
ta-real-b9a4deef91afc8ca-opus16,test,ta,0,0.107819,kathbath,opus_whatsapp_sim
ta-real-b9bb8037c2686f68,train,ta,0,0.06746,kathbath,clean
ta-real-ba05f8682458d740,train,ta,0,0.041183,kathbath,clean
ta-real-ba0d8a6f7f8d78be,train,ta,0,0.005162,kathbath,clean
ta-real-baab8cfb5ed53204,val,ta,0,0.003165,kathbath,clean
ta-real-baab8cfb5ed53204-opus16,val,ta,0,0.028997,kathbath,opus_whatsapp_sim
ta-real-be9286f3703bdcea,train,ta,0,0.921212,kathbath,clean
ta-real-bf09b03490806e61,train,ta,0,0.202199,kathbath,clean
ta-real-c06e8bdec58f8e70,test,ta,0,0.037595,kathbath,clean
ta-real-c06e8bdec58f8e70-opus16,test,ta,0,0.189495,kathbath,opus_whatsapp_sim
ta-real-c0f9df4045f6801d,train,ta,0,0.8289,kathbath,clean
ta-real-c19a48d968612172,train,ta,0,0.028804,kathbath,clean
ta-real-c35327bcdf168531,val,ta,0,0.014103,kathbath,clean
ta-real-c35327bcdf168531-opus16,val,ta,0,0.030492,kathbath,opus_whatsapp_sim
ta-real-c4a7c306b273db60,train,ta,0,0.04653,kathbath,clean
ta-real-c4b0bc7df817bfc1,train,ta,0,0.011763,kathbath,clean
ta-real-c5815a98a07ec707,train,ta,0,0.004366,kathbath,clean
ta-real-c5d426c82635b408,val,ta,0,0.00164,kathbath,clean
ta-real-c5d426c82635b408-opus16,val,ta,0,0.009504,kathbath,opus_whatsapp_sim
ta-real-c63f8c1e77d22ae1,train,ta,0,0.073137,kathbath,clean
ta-real-c644bfa35cac5ee6,train,ta,0,0.068015,kathbath,clean
ta-real-c6b349c36b1b9457,train,ta,0,0.094895,kathbath,clean
ta-real-c706d3c1f9f8f964,train,ta,0,0.004439,kathbath,clean
ta-real-c7cc5d2d0fded33c,test,ta,0,0.06722,kathbath,clean
ta-real-c7cc5d2d0fded33c-opus16,test,ta,0,0.108353,kathbath,opus_whatsapp_sim
ta-real-c8cac26e60f2c241,test,ta,0,0.007125,kathbath,clean
ta-real-c8cac26e60f2c241-opus16,test,ta,0,0.012628,kathbath,opus_whatsapp_sim
ta-real-c9a3bd8bfaaa9d73,train,ta,0,0.080326,kathbath,clean
ta-real-ca6b859c606c737d,train,ta,0,0.423739,kathbath,clean
ta-real-cc90871db06bc84c,train,ta,0,0.007832,kathbath,clean
ta-real-cccfc2c5bb81be9f,train,ta,0,0.021847,kathbath,clean
ta-real-cd3991fc05a4c8b0,train,ta,0,0.058777,kathbath,clean
ta-real-cd95397c3735a6b0,test,ta,0,0.009334,kathbath,clean
ta-real-cd95397c3735a6b0-opus16,test,ta,0,0.24481,kathbath,opus_whatsapp_sim
ta-real-cec6aedbdf3dfbb5,train,ta,0,0.924404,kathbath,clean
ta-real-cf50b00744827043,train,ta,0,0.009941,kathbath,clean
ta-real-d0000fc1c4a88e85,train,ta,0,0.008369,kathbath,clean
ta-real-d063827e7a73a4d4,train,ta,0,0.616837,kathbath,clean
ta-real-d0fc973fd079e06a,test,ta,0,0.04958,kathbath,clean
ta-real-d0fc973fd079e06a-opus16,test,ta,0,0.143303,kathbath,opus_whatsapp_sim
ta-real-d4caa463686eaba0,test,ta,0,0.021588,kathbath,clean
ta-real-d4caa463686eaba0-opus16,test,ta,0,0.060583,kathbath,opus_whatsapp_sim
ta-real-d5093b868879f1f3,train,ta,0,0.021706,kathbath,clean
ta-real-d5b782ea9bc57a66,train,ta,0,0.098624,kathbath,clean
ta-real-d63353610bf785bf,val,ta,0,0.006193,kathbath,clean
ta-real-d63353610bf785bf-opus16,val,ta,0,0.042721,kathbath,opus_whatsapp_sim
ta-real-d65db43d50f5f7f6,val,ta,0,0.004066,kathbath,clean
ta-real-d65db43d50f5f7f6-opus16,val,ta,0,0.057734,kathbath,opus_whatsapp_sim
ta-real-d746bb87651f3b09,train,ta,0,0.09273,kathbath,clean
ta-real-d8a06d4cf558e788,train,ta,0,0.03093,kathbath,clean
ta-real-d8b8a9dd14647001,val,ta,0,0.000923,kathbath,clean
ta-real-d8b8a9dd14647001-opus16,val,ta,0,0.002873,kathbath,opus_whatsapp_sim
ta-real-d95e6ecdb61df4ac,train,ta,0,0.005021,kathbath,clean
ta-real-da7e6dd596ebb5b5,train,ta,0,0.147487,kathbath,clean
ta-real-db9b04b9f1e5fd96,train,ta,0,0.003961,kathbath,clean
ta-real-dc69b3bde8da15e6,train,ta,0,0.004731,kathbath,clean
ta-real-dcca447b14bd84dd,val,ta,0,0.03265,kathbath,clean
ta-real-dcca447b14bd84dd-opus16,val,ta,0,0.066196,kathbath,opus_whatsapp_sim
ta-real-dce4663a28bf49dd,test,ta,0,0.003658,kathbath,clean
ta-real-dce4663a28bf49dd-opus16,test,ta,0,0.043387,kathbath,opus_whatsapp_sim
ta-real-de1d93c4b51466e2,train,ta,0,0.080953,kathbath,clean
ta-real-de7d0eeb72c7344a,train,ta,0,0.886454,kathbath,clean
ta-real-df9bfdb8593edf2b,val,ta,0,0.67958,kathbath,clean
ta-real-df9bfdb8593edf2b-opus16,val,ta,0,0.731876,kathbath,opus_whatsapp_sim
ta-real-e0249c5523217cf8,test,ta,0,0.044423,kathbath,clean
ta-real-e0249c5523217cf8-opus16,test,ta,0,0.495172,kathbath,opus_whatsapp_sim
ta-real-e09059d8119d3417,train,ta,0,0.004023,kathbath,clean
ta-real-e3ccba4fa0629305,test,ta,0,0.015273,kathbath,clean
ta-real-e3ccba4fa0629305-opus16,test,ta,0,0.01049,kathbath,opus_whatsapp_sim
ta-real-e4047f691ed8fb2b,train,ta,0,0.01462,kathbath,clean
ta-real-e474159d1e35818a,train,ta,0,0.091978,kathbath,clean
ta-real-e660e8678dd846d4,train,ta,0,0.003825,kathbath,clean
ta-real-e78cd2b43c1ee603,test,ta,0,0.004201,kathbath,clean
ta-real-e78cd2b43c1ee603-opus16,test,ta,0,0.102838,kathbath,opus_whatsapp_sim
ta-real-e835f929c91cc3c1,train,ta,0,0.024157,kathbath,clean
ta-real-e8f4c8937b54c875,test,ta,0,0.005036,kathbath,clean
ta-real-e8f4c8937b54c875-opus16,test,ta,0,0.140568,kathbath,opus_whatsapp_sim
ta-real-e91cc6f30f08da3e,train,ta,0,0.007403,kathbath,clean
ta-real-e963f47189b6dd89,train,ta,0,0.010276,kathbath,clean
ta-real-ea52af0766b4eb73,test,ta,0,0.164938,kathbath,clean
ta-real-ea52af0766b4eb73-opus16,test,ta,0,0.182098,kathbath,opus_whatsapp_sim
ta-real-eb21957bc20dfbf5,train,ta,0,0.049704,kathbath,clean
ta-real-ec518e8b585b2d8e,train,ta,0,0.005179,kathbath,clean
ta-real-ecc2df917e9c368b,val,ta,0,0.006038,kathbath,clean
ta-real-ecc2df917e9c368b-opus16,val,ta,0,0.015089,kathbath,opus_whatsapp_sim
ta-real-ed06c5d0172e04c4,test,ta,0,0.019069,kathbath,clean
ta-real-ed06c5d0172e04c4-opus16,test,ta,0,0.146343,kathbath,opus_whatsapp_sim
ta-real-edf1a5599130728f,test,ta,0,0.832964,kathbath,clean
ta-real-edf1a5599130728f-opus16,test,ta,0,0.81681,kathbath,opus_whatsapp_sim
ta-real-efc2c8c74fc54d1d,train,ta,0,0.004412,kathbath,clean
ta-real-efcf28dd3199ace2,train,ta,0,0.003057,kathbath,clean
ta-real-eff2121d815ecee4,val,ta,0,0.005538,kathbath,clean
ta-real-eff2121d815ecee4-opus16,val,ta,0,0.02697,kathbath,opus_whatsapp_sim
ta-real-f012a88f68c3c4da,train,ta,0,0.003651,kathbath,clean
ta-real-f166ce586886f390,train,ta,0,0.193934,kathbath,clean
ta-real-f209532d52e7c519,train,ta,0,0.052866,kathbath,clean
ta-real-f2d493d28eedafac,train,ta,0,0.004482,kathbath,clean
ta-real-f703404714b203ac,train,ta,0,0.003288,kathbath,clean
ta-real-f7a189a0d3d90577,test,ta,0,0.005035,kathbath,clean
ta-real-f7a189a0d3d90577-opus16,test,ta,0,0.014592,kathbath,opus_whatsapp_sim
ta-real-f7e93b0ed12778e9,train,ta,0,0.041116,kathbath,clean
ta-real-f8356ada20baa472,test,ta,0,0.062214,kathbath,clean
ta-real-f8356ada20baa472-opus16,test,ta,0,0.830445,kathbath,opus_whatsapp_sim
ta-real-f93dc4c63147da91,train,ta,0,0.011823,kathbath,clean
ta-real-f98db49d66758f50,train,ta,0,0.196706,kathbath,clean
ta-real-facb132e044e7218,train,ta,0,0.044073,kathbath,clean
ta-real-fbe9696d382ff27c,train,ta,0,0.004975,kathbath,clean
ta-real-fdba947dedbcdc74,test,ta,0,0.012342,kathbath,clean
ta-real-fdba947dedbcdc74-opus16,test,ta,0,0.033303,kathbath,opus_whatsapp_sim
ta-real-ff878f3dbd110938,train,ta,0,0.00742,kathbath,clean
